CropID,CropYield,PestInfestationCount,DateID,WeatherID,Date,Year,Month,Quarter,Season,Day of the Week,Holidays,Crop Name,Crop Type,Soil Type,Irrigation Type,Location,Temperature,Precipitation,Wind Speed,Weather Conditions
1,1127,8,1,1,2023-12-21,2023,12,Q4,Winter,Thursday,True,Crop1,Wheat,Loam,Sprinkler,Location1,32.86,4.46,17.59,Sunny
2,1374,1,2,2,2023-09-05,2023,9,Q3,Summer,Tuesday,False,Crop2,Rice,Clay,Sprinkler,Location2,24.58,18.3,11.71,Rainy
3,1435,7,3,3,2023-01-23,2023,1,Q1,Winter,Monday,True,Crop3,Wheat,Clay,Sprinkler,Location3,30.07,2.15,18.23,Cloudy
4,1379,10,4,4,2023-03-21,2023,3,Q1,Winter,Tuesday,True,Crop4,Wheat,Loam,Sprinkler,Location4,24.22,8.37,9.18,Cloudy
5,1138,8,5,5,2023-06-01,2023,6,Q2,Autumn,Thursday,True,Crop5,Wheat,Loam,Sprinkler,Location5,31.81,3.78,6.04,Sunny
6,1325,4,6,6,2023-10-20,2023,10,Q4,Autumn,Friday,True,Crop6,Wheat,Clay,Sprinkler,Location6,28.63,13.28,11.28,Rainy
7,808,6,7,7,2023-09-19,2023,9,Q3,Spring,Tuesday,False,Crop7,Rice,Loam,Sprinkler,Location7,34.84,8.43,23.72,Sunny
8,854,6,8,8,2023-07-29,2023,7,Q3,Autumn,Saturday,False,Crop8,Wheat,Loam,Drip,Location8,33.1,14.93,5.09,Sunny
9,1325,4,9,9,2023-05-21,2023,5,Q2,Autumn,Sunday,False,Crop9,Wheat,Loam,Sprinkler,Location9,33.8,2.31,18.17,Rainy
10,1119,3,10,10,2023-04-09,2023,4,Q2,Spring,Sunday,False,Crop10,Rice,Clay,Drip,Location10,22.95,10.71,5.25,Sunny
11,1376,4,11,11,2023-07-10,2023,7,Q3,Autumn,Monday,True,Crop11,Wheat,Clay,Drip,Location11,25.62,11.34,24.23,Rainy
12,1383,5,12,12,2023-12-29,2023,12,Q4,Spring,Friday,True,Crop12,Wheat,Clay,Sprinkler,Location12,21.49,7.69,14.59,Rainy
13,866,5,13,13,2023-08-27,2023,8,Q3,Autumn,Sunday,True,Crop13,Rice,Loam,Sprinkler,Location13,30.67,9.16,17.02,Cloudy
14,1034,4,14,14,2023-05-21,2023,5,Q2,Spring,Sunday,False,Crop14,Rice,Loam,Sprinkler,Location14,28.94,17.07,6.41,Sunny
15,684,0,15,15,2023-07-22,2023,7,Q3,Autumn,Saturday,True,Crop15,Rice,Clay,Sprinkler,Location15,23.09,11.08,11.99,Cloudy
16,1055,8,16,16,2023-08-03,2023,8,Q3,Winter,Thursday,False,Crop16,Wheat,Loam,Sprinkler,Location16,34.19,18.88,9.78,Cloudy
17,504,4,17,17,2023-04-11,2023,4,Q2,Autumn,Tuesday,False,Crop17,Wheat,Clay,Drip,Location17,26.16,19.47,13.99,Rainy
18,965,8,18,18,2023-04-17,2023,4,Q2,Spring,Monday,True,Crop18,Rice,Clay,Drip,Location18,21.93,19.29,22.32,Cloudy
19,1210,9,19,19,2023-03-26,2023,3,Q1,Autumn,Sunday,True,Crop19,Rice,Clay,Drip,Location19,23.47,5.99,18.65,Cloudy
20,1360,6,20,20,2023-12-17,2023,12,Q4,Autumn,Sunday,False,Crop20,Wheat,Loam,Drip,Location20,29.34,16.2,22.67,Sunny
21,745,2,21,21,2023-04-27,2023,4,Q2,Winter,Thursday,False,Crop21,Wheat,Clay,Sprinkler,Location21,30.39,7.08,14.81,Cloudy
22,1051,7,22,22,2023-04-11,2023,4,Q2,Spring,Tuesday,True,Crop22,Wheat,Loam,Drip,Location22,28.04,9.92,6.99,Rainy
23,1496,5,23,23,2023-07-31,2023,7,Q3,Autumn,Monday,True,Crop23,Rice,Clay,Sprinkler,Location23,33.91,19.75,21.86,Sunny
24,675,5,24,24,2023-05-28,2023,5,Q2,Spring,Sunday,True,Crop24,Rice,Clay,Sprinkler,Location24,28.68,0.69,19.39,Rainy
25,1015,1,25,25,2023-05-11,2023,5,Q2,Winter,Thursday,True,Crop25,Wheat,Loam,Sprinkler,Location25,28.91,4.39,6.27,Rainy
26,900,7,26,26,2023-01-10,2023,1,Q1,Winter,Tuesday,True,Crop26,Rice,Loam,Drip,Location26,24.74,7.57,9.21,Rainy
27,615,5,27,27,2023-08-13,2023,8,Q3,Autumn,Sunday,False,Crop27,Wheat,Clay,Drip,Location27,21.54,8.59,8.91,Sunny
28,948,3,28,28,2023-10-31,2023,10,Q4,Winter,Tuesday,False,Crop28,Rice,Clay,Drip,Location28,27.81,17.68,22.78,Cloudy
29,505,8,29,29,2023-11-28,2023,11,Q4,Summer,Tuesday,False,Crop29,Wheat,Loam,Sprinkler,Location29,26.27,16.77,18.43,Sunny
30,525,9,30,30,2023-11-08,2023,11,Q4,Summer,Wednesday,True,Crop30,Rice,Loam,Sprinkler,Location30,28.31,14.15,19.53,Cloudy
31,1040,5,31,31,2023-08-13,2023,8,Q3,Summer,Sunday,True,Crop31,Wheat,Clay,Drip,Location31,26.11,10.61,14.62,Sunny
32,1221,10,32,32,2023-02-06,2023,2,Q1,Autumn,Monday,True,Crop32,Wheat,Clay,Sprinkler,Location32,25.13,1.22,17.87,Cloudy
33,762,1,33,33,2023-12-14,2023,12,Q4,Spring,Thursday,False,Crop33,Rice,Loam,Drip,Location33,20.1,4.68,11.22,Sunny
34,1050,1,34,34,2023-10-01,2023,10,Q4,Winter,Sunday,True,Crop34,Rice,Loam,Drip,Location34,28.16,16.91,11.26,Rainy
35,525,4,35,35,2023-02-08,2023,2,Q1,Summer,Wednesday,False,Crop35,Wheat,Clay,Sprinkler,Location35,31.3,4.71,24.26,Sunny
36,1084,9,36,36,2023-11-21,2023,11,Q4,Winter,Tuesday,False,Crop36,Rice,Clay,Drip,Location36,20.65,3.69,6.8,Cloudy
37,582,8,37,37,2023-10-08,2023,10,Q4,Summer,Sunday,True,Crop37,Rice,Clay,Drip,Location37,32.27,8.78,17.21,Cloudy
38,1019,10,38,38,2023-06-28,2023,6,Q2,Spring,Wednesday,True,Crop38,Wheat,Clay,Sprinkler,Location38,22.5,1.78,5.48,Rainy
39,874,8,39,39,2023-08-21,2023,8,Q3,Winter,Monday,True,Crop39,Rice,Loam,Sprinkler,Location39,25.42,11.97,5.6,Cloudy
40,1203,0,40,40,2023-02-08,2023,2,Q1,Spring,Wednesday,False,Crop40,Rice,Clay,Sprinkler,Location40,21.97,1.94,10.38,Cloudy
41,673,7,41,41,2023-03-09,2023,3,Q1,Autumn,Thursday,False,Crop41,Wheat,Clay,Sprinkler,Location41,30.61,5.07,10.97,Cloudy
42,1226,9,42,42,2023-01-25,2023,1,Q1,Spring,Wednesday,True,Crop42,Wheat,Clay,Drip,Location42,24.21,0.84,15.54,Rainy
43,533,3,43,43,2023-06-09,2023,6,Q2,Winter,Friday,False,Crop43,Rice,Loam,Sprinkler,Location43,32.39,15.53,10.69,Rainy
44,1043,7,44,44,2023-02-25,2023,2,Q1,Summer,Saturday,True,Crop44,Wheat,Loam,Drip,Location44,34.26,11.1,10.31,Cloudy
45,1367,0,45,45,2023-10-17,2023,10,Q4,Winter,Tuesday,False,Crop45,Rice,Loam,Drip,Location45,21.06,4.61,7.66,Rainy
46,1317,5,46,46,2023-03-19,2023,3,Q1,Winter,Sunday,True,Crop46,Rice,Loam,Sprinkler,Location46,29.93,19.47,20.57,Rainy
47,908,0,47,47,2023-02-21,2023,2,Q1,Spring,Tuesday,True,Crop47,Wheat,Clay,Drip,Location47,24.41,14.4,13.39,Sunny
48,555,7,48,48,2023-11-21,2023,11,Q4,Spring,Tuesday,True,Crop48,Wheat,Clay,Drip,Location48,34.76,17.29,11.06,Rainy
49,1274,1,49,49,2023-01-08,2023,1,Q1,Summer,Sunday,True,Crop49,Rice,Clay,Sprinkler,Location49,27.36,4.37,8.04,Rainy
50,790,8,50,50,2023-03-07,2023,3,Q1,Autumn,Tuesday,True,Crop50,Rice,Clay,Drip,Location50,32.08,3.82,19.0,Sunny
51,1006,7,51,51,2023-01-13,2023,1,Q1,Summer,Friday,True,Crop51,Rice,Clay,Drip,Location51,21.13,10.23,9.61,Cloudy
52,640,8,52,52,2023-09-02,2023,9,Q3,Summer,Saturday,True,Crop52,Rice,Clay,Drip,Location52,21.62,0.86,22.78,Sunny
53,820,4,53,53,2023-10-24,2023,10,Q4,Summer,Tuesday,True,Crop53,Rice,Clay,Sprinkler,Location53,29.82,18.82,5.23,Sunny
54,1110,1,54,54,2023-10-08,2023,10,Q4,Spring,Sunday,True,Crop54,Rice,Loam,Sprinkler,Location54,23.85,0.13,8.8,Rainy
55,723,8,55,55,2023-11-27,2023,11,Q4,Spring,Monday,True,Crop55,Wheat,Loam,Sprinkler,Location55,34.32,7.62,18.73,Sunny
56,1300,0,56,56,2023-01-14,2023,1,Q1,Winter,Saturday,False,Crop56,Wheat,Loam,Sprinkler,Location56,28.74,4.99,23.6,Cloudy
57,1288,5,57,57,2023-05-14,2023,5,Q2,Autumn,Sunday,True,Crop57,Rice,Loam,Sprinkler,Location57,27.49,0.3,15.3,Cloudy
58,1194,8,58,58,2023-08-18,2023,8,Q3,Spring,Friday,True,Crop58,Rice,Loam,Drip,Location58,22.9,12.41,21.89,Rainy
59,1457,0,59,59,2023-02-24,2023,2,Q1,Summer,Friday,True,Crop59,Wheat,Loam,Sprinkler,Location59,33.1,8.0,9.81,Rainy
60,1100,1,60,60,2023-01-21,2023,1,Q1,Winter,Saturday,True,Crop60,Wheat,Loam,Drip,Location60,20.18,18.17,23.63,Cloudy
61,901,2,61,61,2023-10-06,2023,10,Q4,Winter,Friday,False,Crop61,Rice,Clay,Sprinkler,Location61,27.23,11.61,15.03,Rainy
62,573,3,62,62,2023-01-17,2023,1,Q1,Winter,Tuesday,True,Crop62,Rice,Clay,Drip,Location62,31.39,9.4,12.32,Cloudy
63,727,10,63,63,2023-03-12,2023,3,Q1,Spring,Sunday,False,Crop63,Wheat,Loam,Drip,Location63,23.56,1.2,21.82,Cloudy
64,1134,9,64,64,2023-11-06,2023,11,Q4,Winter,Monday,False,Crop64,Wheat,Loam,Drip,Location64,33.65,13.28,5.68,Sunny
65,1340,2,65,65,2023-12-19,2023,12,Q4,Winter,Tuesday,True,Crop65,Wheat,Clay,Sprinkler,Location65,26.93,13.02,16.2,Cloudy
66,1090,7,66,66,2023-07-20,2023,7,Q3,Summer,Thursday,False,Crop66,Rice,Clay,Drip,Location66,34.81,0.61,22.7,Cloudy
67,701,5,67,67,2023-12-05,2023,12,Q4,Spring,Tuesday,True,Crop67,Wheat,Clay,Drip,Location67,25.68,11.24,14.02,Sunny
68,1100,0,68,68,2023-11-07,2023,11,Q4,Winter,Tuesday,True,Crop68,Wheat,Loam,Drip,Location68,27.2,9.01,23.42,Sunny
69,1476,10,69,69,2023-02-01,2023,2,Q1,Winter,Wednesday,True,Crop69,Rice,Loam,Drip,Location69,27.2,15.77,6.25,Rainy
70,1136,9,70,70,2023-07-17,2023,7,Q3,Winter,Monday,True,Crop70,Wheat,Clay,Drip,Location70,34.78,1.74,24.84,Cloudy
71,948,6,71,71,2023-07-30,2023,7,Q3,Spring,Sunday,False,Crop71,Rice,Loam,Sprinkler,Location71,25.9,8.84,19.67,Cloudy
72,944,7,72,72,2023-12-17,2023,12,Q4,Summer,Sunday,False,Crop72,Rice,Clay,Sprinkler,Location72,26.14,14.66,8.51,Rainy
73,1224,6,73,73,2023-07-28,2023,7,Q3,Summer,Friday,False,Crop73,Rice,Loam,Sprinkler,Location73,24.98,0.79,24.82,Sunny
74,1135,9,74,74,2023-09-20,2023,9,Q3,Spring,Wednesday,False,Crop74,Rice,Loam,Drip,Location74,25.93,0.03,10.78,Rainy
75,605,3,75,75,2023-09-04,2023,9,Q3,Autumn,Monday,True,Crop75,Wheat,Clay,Sprinkler,Location75,29.89,19.86,11.05,Rainy
76,922,7,76,76,2023-03-18,2023,3,Q1,Autumn,Saturday,False,Crop76,Wheat,Loam,Drip,Location76,20.17,1.2,7.53,Cloudy
77,676,6,77,77,2023-12-30,2023,12,Q4,Spring,Saturday,False,Crop77,Rice,Loam,Drip,Location77,30.69,18.29,14.9,Cloudy
78,554,5,78,78,2023-03-29,2023,3,Q1,Autumn,Wednesday,False,Crop78,Wheat,Clay,Sprinkler,Location78,21.0,2.89,5.69,Sunny
79,1165,3,79,79,2023-11-19,2023,11,Q4,Autumn,Sunday,False,Crop79,Wheat,Loam,Sprinkler,Location79,26.72,8.32,6.44,Cloudy
80,602,2,80,80,2023-04-22,2023,4,Q2,Autumn,Saturday,False,Crop80,Rice,Clay,Sprinkler,Location80,34.98,14.63,23.58,Cloudy
81,609,3,81,81,2023-07-11,2023,7,Q3,Spring,Tuesday,False,Crop81,Rice,Loam,Sprinkler,Location81,25.38,13.64,16.13,Cloudy
82,942,2,82,82,2023-10-30,2023,10,Q4,Autumn,Monday,False,Crop82,Rice,Clay,Sprinkler,Location82,25.13,1.99,16.12,Sunny
83,659,0,83,83,2023-12-18,2023,12,Q4,Autumn,Monday,True,Crop83,Wheat,Clay,Drip,Location83,22.46,14.58,22.44,Rainy
84,862,9,84,84,2023-10-10,2023,10,Q4,Autumn,Tuesday,False,Crop84,Wheat,Clay,Sprinkler,Location84,26.46,5.83,18.18,Cloudy
85,718,9,85,85,2023-11-05,2023,11,Q4,Summer,Sunday,False,Crop85,Rice,Clay,Drip,Location85,26.28,8.93,10.03,Rainy
86,1054,10,86,86,2023-07-19,2023,7,Q3,Spring,Wednesday,True,Crop86,Wheat,Clay,Drip,Location86,22.99,19.19,10.6,Sunny
87,1416,6,87,87,2023-11-03,2023,11,Q4,Summer,Friday,True,Crop87,Wheat,Clay,Sprinkler,Location87,20.74,2.1,23.38,Rainy
88,1485,9,88,88,2023-11-21,2023,11,Q4,Winter,Tuesday,True,Crop88,Rice,Loam,Drip,Location88,26.25,5.11,6.19,Sunny
89,1058,8,89,89,2023-01-13,2023,1,Q1,Spring,Friday,False,Crop89,Rice,Loam,Sprinkler,Location89,20.47,16.88,21.88,Sunny
90,659,6,90,90,2023-09-16,2023,9,Q3,Winter,Saturday,True,Crop90,Wheat,Clay,Drip,Location90,30.63,0.07,11.22,Rainy
91,1168,5,91,91,2023-12-15,2023,12,Q4,Spring,Friday,False,Crop91,Wheat,Loam,Sprinkler,Location91,28.56,2.29,19.2,Rainy
92,1312,10,92,92,2023-07-29,2023,7,Q3,Summer,Saturday,False,Crop92,Wheat,Loam,Sprinkler,Location92,33.09,19.65,22.45,Sunny
93,836,6,93,93,2023-09-09,2023,9,Q3,Winter,Saturday,False,Crop93,Rice,Clay,Sprinkler,Location93,27.16,16.81,7.28,Cloudy
94,945,6,94,94,2023-02-27,2023,2,Q1,Summer,Monday,True,Crop94,Rice,Loam,Drip,Location94,31.23,2.48,23.42,Sunny
95,818,3,95,95,2023-10-15,2023,10,Q4,Autumn,Sunday,True,Crop95,Rice,Clay,Sprinkler,Location95,22.23,0.47,10.78,Cloudy
96,1107,4,96,96,2023-01-30,2023,1,Q1,Summer,Monday,True,Crop96,Wheat,Clay,Sprinkler,Location96,32.96,16.65,18.24,Cloudy
97,815,3,97,97,2023-10-05,2023,10,Q4,Autumn,Thursday,True,Crop97,Wheat,Clay,Drip,Location97,33.2,6.01,18.3,Sunny
98,831,5,98,98,2023-02-19,2023,2,Q1,Autumn,Sunday,True,Crop98,Wheat,Clay,Sprinkler,Location98,25.86,2.47,10.46,Sunny
99,842,5,99,99,2023-09-02,2023,9,Q3,Autumn,Saturday,False,Crop99,Rice,Loam,Sprinkler,Location99,27.05,0.13,23.88,Sunny
100,1241,5,100,100,2023-06-23,2023,6,Q2,Summer,Friday,False,Crop100,Rice,Clay,Drip,Location100,25.47,8.98,21.26,Sunny
101,1242,1,101,101,2023-04-19,2023,4,Q2,Summer,Wednesday,False,Crop101,Wheat,Loam,Drip,Location101,30.66,6.9,22.34,Sunny
102,885,4,102,102,2023-12-10,2023,12,Q4,Winter,Sunday,True,Crop102,Wheat,Loam,Sprinkler,Location102,22.56,6.24,14.2,Cloudy
103,783,7,103,103,2023-11-25,2023,11,Q4,Spring,Saturday,True,Crop103,Wheat,Loam,Sprinkler,Location103,33.69,14.56,9.01,Sunny
104,785,10,104,104,2023-07-04,2023,7,Q3,Autumn,Tuesday,False,Crop104,Wheat,Loam,Drip,Location104,24.25,11.55,10.36,Rainy
105,1196,2,105,105,2023-04-11,2023,4,Q2,Autumn,Tuesday,True,Crop105,Rice,Clay,Drip,Location105,23.86,2.67,16.85,Rainy
106,820,0,106,106,2023-03-25,2023,3,Q1,Summer,Saturday,True,Crop106,Wheat,Loam,Sprinkler,Location106,25.22,7.81,14.58,Sunny
107,1368,4,107,107,2023-10-24,2023,10,Q4,Spring,Tuesday,True,Crop107,Rice,Loam,Sprinkler,Location107,22.84,5.0,20.05,Rainy
108,916,7,108,108,2023-08-25,2023,8,Q3,Summer,Friday,True,Crop108,Wheat,Loam,Sprinkler,Location108,33.69,18.01,7.23,Rainy
109,580,8,109,109,2023-01-17,2023,1,Q1,Summer,Tuesday,False,Crop109,Wheat,Clay,Drip,Location109,33.61,10.71,14.96,Rainy
110,1271,2,110,110,2023-04-22,2023,4,Q2,Autumn,Saturday,False,Crop110,Rice,Clay,Sprinkler,Location110,34.95,5.21,19.74,Sunny
111,1434,7,111,111,2023-01-21,2023,1,Q1,Autumn,Saturday,False,Crop111,Wheat,Clay,Sprinkler,Location111,23.27,16.43,7.8,Cloudy
112,945,8,112,112,2023-06-11,2023,6,Q2,Summer,Sunday,False,Crop112,Rice,Clay,Sprinkler,Location112,32.26,6.03,13.53,Sunny
113,789,5,113,113,2023-01-10,2023,1,Q1,Spring,Tuesday,False,Crop113,Rice,Loam,Drip,Location113,33.73,11.34,11.97,Sunny
114,813,8,114,114,2023-04-10,2023,4,Q2,Autumn,Monday,False,Crop114,Wheat,Loam,Sprinkler,Location114,30.48,17.22,8.86,Rainy
115,1121,3,115,115,2023-07-04,2023,7,Q3,Spring,Tuesday,False,Crop115,Wheat,Loam,Sprinkler,Location115,23.2,5.26,21.3,Sunny
116,557,3,116,116,2023-03-17,2023,3,Q1,Autumn,Friday,True,Crop116,Rice,Loam,Drip,Location116,31.87,9.76,23.87,Sunny
117,860,1,117,117,2023-11-14,2023,11,Q4,Winter,Tuesday,False,Crop117,Rice,Clay,Sprinkler,Location117,30.59,11.69,23.0,Cloudy
118,1314,10,118,118,2023-06-10,2023,6,Q2,Autumn,Saturday,True,Crop118,Wheat,Loam,Sprinkler,Location118,34.66,6.11,21.34,Rainy
119,843,0,119,119,2023-10-13,2023,10,Q4,Summer,Friday,False,Crop119,Wheat,Loam,Drip,Location119,26.94,14.89,15.88,Cloudy
120,1223,9,120,120,2023-06-06,2023,6,Q2,Summer,Tuesday,True,Crop120,Rice,Loam,Drip,Location120,28.24,8.17,23.39,Sunny
121,711,6,121,121,2023-12-22,2023,12,Q4,Winter,Friday,False,Crop121,Wheat,Clay,Drip,Location121,20.95,13.2,6.17,Sunny
122,684,2,122,122,2023-07-22,2023,7,Q3,Autumn,Saturday,True,Crop122,Rice,Clay,Drip,Location122,27.05,4.49,5.71,Sunny
123,1118,9,123,123,2023-10-24,2023,10,Q4,Spring,Tuesday,True,Crop123,Wheat,Loam,Drip,Location123,22.86,12.98,20.75,Sunny
124,1292,0,124,124,2023-03-27,2023,3,Q1,Winter,Monday,True,Crop124,Wheat,Clay,Sprinkler,Location124,23.11,3.31,12.86,Sunny
125,1036,1,125,125,2023-01-18,2023,1,Q1,Summer,Wednesday,True,Crop125,Rice,Loam,Drip,Location125,22.38,12.72,14.08,Rainy
126,1353,5,126,126,2023-02-03,2023,2,Q1,Summer,Friday,False,Crop126,Rice,Loam,Sprinkler,Location126,24.7,16.65,24.11,Cloudy
127,749,7,127,127,2023-11-30,2023,11,Q4,Summer,Thursday,True,Crop127,Wheat,Clay,Sprinkler,Location127,20.68,13.27,20.46,Cloudy
128,1397,1,128,128,2023-05-07,2023,5,Q2,Winter,Sunday,False,Crop128,Rice,Loam,Sprinkler,Location128,25.9,15.79,23.74,Sunny
129,914,10,129,129,2023-04-17,2023,4,Q2,Autumn,Monday,True,Crop129,Wheat,Clay,Drip,Location129,20.55,19.72,16.61,Rainy
130,1405,10,130,130,2023-07-28,2023,7,Q3,Autumn,Friday,True,Crop130,Wheat,Clay,Drip,Location130,25.48,14.55,6.22,Sunny
131,638,0,131,131,2023-05-22,2023,5,Q2,Summer,Monday,True,Crop131,Wheat,Clay,Sprinkler,Location131,31.42,11.66,18.75,Sunny
132,1315,4,132,132,2023-01-23,2023,1,Q1,Winter,Monday,False,Crop132,Rice,Loam,Drip,Location132,25.28,11.41,14.56,Sunny
133,1127,6,133,133,2023-03-17,2023,3,Q1,Spring,Friday,True,Crop133,Wheat,Clay,Sprinkler,Location133,21.41,7.64,18.61,Rainy
134,1241,8,134,134,2023-12-28,2023,12,Q4,Summer,Thursday,True,Crop134,Wheat,Loam,Sprinkler,Location134,34.15,9.42,16.27,Rainy
135,1210,3,135,135,2023-03-05,2023,3,Q1,Winter,Sunday,False,Crop135,Wheat,Clay,Drip,Location135,34.31,3.25,19.17,Rainy
136,728,3,136,136,2023-09-12,2023,9,Q3,Summer,Tuesday,True,Crop136,Rice,Clay,Sprinkler,Location136,26.67,14.18,20.22,Cloudy
137,1088,7,137,137,2023-04-29,2023,4,Q2,Autumn,Saturday,True,Crop137,Wheat,Clay,Drip,Location137,28.69,19.58,19.58,Rainy
138,1053,1,138,138,2023-08-31,2023,8,Q3,Winter,Thursday,False,Crop138,Wheat,Clay,Drip,Location138,30.8,18.28,16.13,Sunny
139,752,9,139,139,2023-02-11,2023,2,Q1,Summer,Saturday,True,Crop139,Rice,Clay,Drip,Location139,30.93,11.62,13.29,Rainy
140,537,0,140,140,2023-11-08,2023,11,Q4,Autumn,Wednesday,False,Crop140,Wheat,Clay,Sprinkler,Location140,24.96,0.99,6.88,Sunny
141,1390,1,141,141,2023-07-17,2023,7,Q3,Spring,Monday,False,Crop141,Wheat,Loam,Drip,Location141,20.69,4.61,24.65,Rainy
142,858,6,142,142,2023-07-13,2023,7,Q3,Spring,Thursday,False,Crop142,Rice,Clay,Sprinkler,Location142,20.93,1.86,9.37,Rainy
143,1453,1,143,143,2023-03-08,2023,3,Q1,Spring,Wednesday,False,Crop143,Wheat,Loam,Drip,Location143,26.97,10.21,7.14,Cloudy
144,927,1,144,144,2023-06-11,2023,6,Q2,Spring,Sunday,False,Crop144,Wheat,Loam,Sprinkler,Location144,33.46,16.72,14.4,Cloudy
145,1328,1,145,145,2023-06-22,2023,6,Q2,Winter,Thursday,False,Crop145,Wheat,Clay,Drip,Location145,28.52,4.72,18.06,Cloudy
146,1323,2,146,146,2023-08-02,2023,8,Q3,Autumn,Wednesday,True,Crop146,Wheat,Clay,Drip,Location146,21.58,10.44,17.4,Cloudy
147,1155,2,147,147,2023-01-07,2023,1,Q1,Spring,Saturday,False,Crop147,Wheat,Clay,Sprinkler,Location147,27.21,6.61,8.53,Cloudy
148,1104,3,148,148,2023-08-28,2023,8,Q3,Spring,Monday,True,Crop148,Rice,Clay,Sprinkler,Location148,29.07,0.29,8.94,Rainy
149,574,5,149,149,2023-03-15,2023,3,Q1,Summer,Wednesday,False,Crop149,Rice,Clay,Drip,Location149,32.46,3.99,7.63,Rainy
150,1322,6,150,150,2023-03-14,2023,3,Q1,Autumn,Tuesday,True,Crop150,Wheat,Loam,Drip,Location150,25.28,3.09,13.62,Sunny
151,773,7,151,151,2023-03-21,2023,3,Q1,Winter,Tuesday,True,Crop151,Wheat,Loam,Sprinkler,Location151,22.87,5.58,19.09,Cloudy
152,1231,6,152,152,2023-04-02,2023,4,Q2,Autumn,Sunday,False,Crop152,Wheat,Loam,Sprinkler,Location152,29.49,15.29,10.37,Sunny
153,1429,5,153,153,2023-09-04,2023,9,Q3,Spring,Monday,True,Crop153,Wheat,Loam,Drip,Location153,24.06,18.88,18.75,Rainy
154,1462,0,154,154,2023-06-05,2023,6,Q2,Spring,Monday,False,Crop154,Wheat,Clay,Sprinkler,Location154,27.55,18.61,15.75,Sunny
155,946,3,155,155,2023-01-07,2023,1,Q1,Spring,Saturday,False,Crop155,Wheat,Loam,Drip,Location155,23.92,9.43,8.29,Sunny
156,1097,8,156,156,2023-01-22,2023,1,Q1,Winter,Sunday,False,Crop156,Wheat,Clay,Sprinkler,Location156,27.51,3.71,14.61,Rainy
157,1174,6,157,157,2023-09-13,2023,9,Q3,Autumn,Wednesday,False,Crop157,Wheat,Loam,Drip,Location157,25.77,2.7,5.88,Cloudy
158,620,9,158,158,2023-04-21,2023,4,Q2,Summer,Friday,False,Crop158,Wheat,Clay,Drip,Location158,20.22,13.32,20.31,Rainy
159,710,9,159,159,2023-06-09,2023,6,Q2,Spring,Friday,True,Crop159,Rice,Loam,Sprinkler,Location159,33.65,11.03,6.92,Sunny
160,768,1,160,160,2023-11-22,2023,11,Q4,Summer,Wednesday,False,Crop160,Rice,Clay,Drip,Location160,31.76,10.61,6.34,Sunny
161,583,1,161,161,2023-05-15,2023,5,Q2,Spring,Monday,False,Crop161,Rice,Loam,Drip,Location161,29.39,11.04,12.6,Sunny
162,784,10,162,162,2023-12-30,2023,12,Q4,Autumn,Saturday,True,Crop162,Rice,Loam,Drip,Location162,20.23,15.23,6.58,Sunny
163,1413,8,163,163,2023-09-18,2023,9,Q3,Summer,Monday,True,Crop163,Wheat,Clay,Sprinkler,Location163,26.44,3.41,6.56,Rainy
164,1330,3,164,164,2023-03-29,2023,3,Q1,Summer,Wednesday,True,Crop164,Wheat,Clay,Drip,Location164,26.52,19.56,22.51,Sunny
165,1110,8,165,165,2023-08-03,2023,8,Q3,Spring,Thursday,True,Crop165,Wheat,Clay,Sprinkler,Location165,30.46,12.29,23.63,Rainy
166,1184,1,166,166,2023-10-21,2023,10,Q4,Autumn,Saturday,True,Crop166,Rice,Loam,Drip,Location166,34.35,14.49,20.65,Cloudy
167,614,8,167,167,2023-05-22,2023,5,Q2,Summer,Monday,True,Crop167,Rice,Loam,Drip,Location167,32.34,1.27,15.14,Rainy
168,794,1,168,168,2023-03-07,2023,3,Q1,Spring,Tuesday,False,Crop168,Rice,Clay,Sprinkler,Location168,25.09,9.08,8.32,Rainy
169,842,9,169,169,2023-01-14,2023,1,Q1,Spring,Saturday,True,Crop169,Wheat,Clay,Drip,Location169,29.92,6.99,10.69,Sunny
170,1239,8,170,170,2023-11-30,2023,11,Q4,Winter,Thursday,False,Crop170,Rice,Loam,Sprinkler,Location170,22.08,15.11,18.97,Sunny
171,1251,7,171,171,2023-10-12,2023,10,Q4,Summer,Thursday,True,Crop171,Rice,Clay,Sprinkler,Location171,31.13,11.92,19.81,Cloudy
172,1307,7,172,172,2023-03-26,2023,3,Q1,Spring,Sunday,False,Crop172,Wheat,Clay,Drip,Location172,27.18,12.16,23.61,Cloudy
173,979,9,173,173,2023-04-19,2023,4,Q2,Spring,Wednesday,True,Crop173,Rice,Clay,Drip,Location173,21.13,19.11,10.3,Rainy
174,1088,6,174,174,2023-09-30,2023,9,Q3,Autumn,Saturday,False,Crop174,Rice,Clay,Drip,Location174,32.88,17.59,13.47,Sunny
175,846,2,175,175,2023-01-30,2023,1,Q1,Spring,Monday,True,Crop175,Wheat,Clay,Sprinkler,Location175,29.67,0.06,9.17,Sunny
176,821,7,176,176,2023-08-03,2023,8,Q3,Winter,Thursday,False,Crop176,Rice,Clay,Drip,Location176,28.59,18.33,20.88,Rainy
177,949,5,177,177,2023-11-01,2023,11,Q4,Winter,Wednesday,True,Crop177,Wheat,Loam,Drip,Location177,24.32,3.98,8.47,Cloudy
178,1349,4,178,178,2023-04-29,2023,4,Q2,Spring,Saturday,False,Crop178,Wheat,Clay,Sprinkler,Location178,32.51,9.98,20.94,Sunny
179,1387,7,179,179,2023-11-08,2023,11,Q4,Winter,Wednesday,False,Crop179,Rice,Clay,Sprinkler,Location179,21.89,13.74,5.35,Cloudy
180,962,1,180,180,2023-05-21,2023,5,Q2,Summer,Sunday,False,Crop180,Wheat,Loam,Drip,Location180,22.72,2.94,14.25,Rainy
181,701,8,181,181,2023-08-14,2023,8,Q3,Winter,Monday,True,Crop181,Rice,Loam,Sprinkler,Location181,24.58,1.58,7.99,Cloudy
182,1370,10,182,182,2023-10-30,2023,10,Q4,Winter,Monday,False,Crop182,Rice,Clay,Sprinkler,Location182,22.82,14.58,11.85,Cloudy
183,618,7,183,183,2023-09-05,2023,9,Q3,Winter,Tuesday,True,Crop183,Wheat,Clay,Drip,Location183,23.8,6.81,20.41,Rainy
184,1268,4,184,184,2023-09-25,2023,9,Q3,Autumn,Monday,True,Crop184,Wheat,Clay,Sprinkler,Location184,26.22,4.1,16.97,Sunny
185,1355,7,185,185,2023-11-29,2023,11,Q4,Autumn,Wednesday,False,Crop185,Rice,Clay,Drip,Location185,27.08,19.18,16.39,Cloudy
186,1471,0,186,186,2023-08-14,2023,8,Q3,Autumn,Monday,True,Crop186,Rice,Loam,Sprinkler,Location186,23.14,6.28,12.47,Sunny
187,551,0,187,187,2023-02-28,2023,2,Q1,Spring,Tuesday,False,Crop187,Wheat,Clay,Drip,Location187,33.55,5.96,18.11,Sunny
188,921,8,188,188,2023-10-28,2023,10,Q4,Summer,Saturday,False,Crop188,Wheat,Clay,Sprinkler,Location188,34.49,18.66,18.21,Sunny
189,1172,0,189,189,2023-05-07,2023,5,Q2,Spring,Sunday,False,Crop189,Rice,Loam,Sprinkler,Location189,26.64,3.88,8.17,Sunny
190,887,6,190,190,2023-07-07,2023,7,Q3,Spring,Friday,False,Crop190,Wheat,Clay,Drip,Location190,21.85,12.54,16.56,Sunny
191,573,8,191,191,2023-06-21,2023,6,Q2,Autumn,Wednesday,True,Crop191,Rice,Loam,Drip,Location191,32.63,16.28,5.81,Cloudy
192,629,6,192,192,2023-08-05,2023,8,Q3,Autumn,Saturday,False,Crop192,Rice,Loam,Drip,Location192,27.69,15.06,20.83,Cloudy
193,644,3,193,193,2023-01-06,2023,1,Q1,Spring,Friday,True,Crop193,Rice,Clay,Drip,Location193,22.54,0.92,9.48,Sunny
194,660,9,194,194,2023-12-08,2023,12,Q4,Autumn,Friday,False,Crop194,Rice,Loam,Drip,Location194,34.79,5.8,19.05,Cloudy
195,725,1,195,195,2023-10-12,2023,10,Q4,Winter,Thursday,True,Crop195,Wheat,Loam,Drip,Location195,26.45,19.66,15.27,Sunny
196,594,2,196,196,2023-02-26,2023,2,Q1,Winter,Sunday,False,Crop196,Wheat,Loam,Sprinkler,Location196,31.38,0.08,18.7,Cloudy
197,574,8,197,197,2023-05-31,2023,5,Q2,Summer,Wednesday,True,Crop197,Wheat,Loam,Drip,Location197,30.45,2.27,24.63,Sunny
198,1246,1,198,198,2023-11-15,2023,11,Q4,Autumn,Wednesday,False,Crop198,Wheat,Loam,Sprinkler,Location198,28.82,11.31,21.05,Cloudy
199,1061,10,199,199,2023-01-06,2023,1,Q1,Spring,Friday,False,Crop199,Wheat,Clay,Drip,Location199,27.25,17.96,13.92,Rainy
200,666,2,200,200,2023-05-11,2023,5,Q2,Spring,Thursday,False,Crop200,Wheat,Clay,Drip,Location200,22.46,18.74,15.93,Cloudy
201,770,8,201,201,2023-10-15,2023,10,Q4,Winter,Sunday,True,Crop201,Rice,Loam,Drip,Location201,28.52,1.85,18.55,Sunny
202,1014,2,202,202,2023-06-09,2023,6,Q2,Spring,Friday,True,Crop202,Rice,Clay,Sprinkler,Location202,24.94,15.02,9.64,Sunny
203,1482,6,203,203,2023-05-14,2023,5,Q2,Spring,Sunday,False,Crop203,Rice,Clay,Drip,Location203,22.9,19.25,18.16,Cloudy
204,576,8,204,204,2023-11-07,2023,11,Q4,Summer,Tuesday,True,Crop204,Rice,Clay,Drip,Location204,27.82,2.44,5.16,Cloudy
205,1380,10,205,205,2023-02-24,2023,2,Q1,Winter,Friday,False,Crop205,Rice,Clay,Drip,Location205,33.29,10.27,18.05,Rainy
206,1462,0,206,206,2023-08-08,2023,8,Q3,Spring,Tuesday,True,Crop206,Rice,Loam,Sprinkler,Location206,27.64,15.9,21.69,Cloudy
207,603,4,207,207,2023-05-06,2023,5,Q2,Spring,Saturday,True,Crop207,Rice,Loam,Drip,Location207,26.42,2.49,10.61,Sunny
208,837,3,208,208,2023-04-20,2023,4,Q2,Summer,Thursday,False,Crop208,Rice,Loam,Drip,Location208,21.14,12.61,10.28,Cloudy
209,1178,1,209,209,2023-08-20,2023,8,Q3,Winter,Sunday,True,Crop209,Rice,Loam,Drip,Location209,30.59,10.65,11.77,Sunny
210,723,0,210,210,2023-10-18,2023,10,Q4,Winter,Wednesday,False,Crop210,Rice,Clay,Sprinkler,Location210,24.7,3.63,16.22,Sunny
211,813,0,211,211,2023-04-01,2023,4,Q2,Spring,Saturday,True,Crop211,Rice,Loam,Sprinkler,Location211,28.65,15.54,8.1,Sunny
212,785,3,212,212,2023-07-31,2023,7,Q3,Summer,Monday,True,Crop212,Wheat,Loam,Drip,Location212,27.08,3.46,18.37,Sunny
213,1339,0,213,213,2023-09-09,2023,9,Q3,Spring,Saturday,False,Crop213,Rice,Clay,Sprinkler,Location213,34.57,8.16,12.52,Sunny
214,1155,10,214,214,2023-03-18,2023,3,Q1,Winter,Saturday,False,Crop214,Rice,Loam,Drip,Location214,32.99,8.52,12.34,Rainy
215,1105,4,215,215,2023-10-18,2023,10,Q4,Winter,Wednesday,True,Crop215,Rice,Loam,Sprinkler,Location215,23.34,9.25,21.31,Rainy
216,1323,3,216,216,2023-12-23,2023,12,Q4,Summer,Saturday,False,Crop216,Wheat,Loam,Sprinkler,Location216,29.43,4.84,24.59,Rainy
217,1433,3,217,217,2023-01-15,2023,1,Q1,Summer,Sunday,True,Crop217,Wheat,Clay,Sprinkler,Location217,25.76,12.23,15.51,Rainy
218,1066,5,218,218,2023-10-29,2023,10,Q4,Summer,Sunday,False,Crop218,Wheat,Clay,Sprinkler,Location218,24.45,9.23,9.5,Rainy
219,726,10,219,219,2023-11-18,2023,11,Q4,Summer,Saturday,False,Crop219,Wheat,Loam,Drip,Location219,33.54,14.6,21.51,Rainy
220,1220,1,220,220,2023-07-01,2023,7,Q3,Summer,Saturday,False,Crop220,Rice,Loam,Drip,Location220,24.34,4.75,9.86,Sunny
221,798,7,221,221,2023-04-21,2023,4,Q2,Spring,Friday,True,Crop221,Wheat,Loam,Sprinkler,Location221,29.38,19.62,6.6,Sunny
222,1341,4,222,222,2023-10-28,2023,10,Q4,Winter,Saturday,True,Crop222,Wheat,Clay,Sprinkler,Location222,32.04,11.56,7.83,Rainy
223,971,9,223,223,2023-04-11,2023,4,Q2,Summer,Tuesday,True,Crop223,Wheat,Loam,Sprinkler,Location223,23.26,1.45,6.06,Cloudy
224,1378,0,224,224,2023-06-04,2023,6,Q2,Winter,Sunday,True,Crop224,Wheat,Loam,Drip,Location224,25.07,15.23,14.48,Rainy
225,627,1,225,225,2023-03-02,2023,3,Q1,Winter,Thursday,True,Crop225,Wheat,Clay,Sprinkler,Location225,34.53,0.79,9.99,Rainy
226,599,2,226,226,2023-12-14,2023,12,Q4,Winter,Thursday,False,Crop226,Wheat,Loam,Drip,Location226,23.86,10.08,19.93,Cloudy
227,1480,9,227,227,2023-06-30,2023,6,Q2,Autumn,Friday,True,Crop227,Wheat,Clay,Drip,Location227,33.72,17.54,23.75,Rainy
228,1138,9,228,228,2023-12-30,2023,12,Q4,Summer,Saturday,True,Crop228,Wheat,Clay,Drip,Location228,20.87,2.36,14.48,Sunny
229,1392,6,229,229,2023-12-29,2023,12,Q4,Summer,Friday,False,Crop229,Wheat,Loam,Drip,Location229,24.8,16.91,21.67,Sunny
230,1476,0,230,230,2023-04-12,2023,4,Q2,Winter,Wednesday,False,Crop230,Wheat,Loam,Sprinkler,Location230,20.49,4.22,9.06,Rainy
231,941,2,231,231,2023-04-28,2023,4,Q2,Summer,Friday,False,Crop231,Rice,Clay,Drip,Location231,27.48,3.67,7.48,Rainy
232,1110,5,232,232,2023-08-28,2023,8,Q3,Summer,Monday,False,Crop232,Wheat,Loam,Sprinkler,Location232,21.97,15.57,5.32,Rainy
233,915,8,233,233,2023-08-10,2023,8,Q3,Winter,Thursday,False,Crop233,Wheat,Loam,Drip,Location233,23.89,3.22,9.75,Cloudy
234,1271,2,234,234,2023-03-19,2023,3,Q1,Summer,Sunday,False,Crop234,Wheat,Loam,Sprinkler,Location234,32.41,19.77,9.88,Sunny
235,1155,6,235,235,2023-12-25,2023,12,Q4,Winter,Monday,True,Crop235,Rice,Clay,Sprinkler,Location235,33.78,4.11,6.41,Sunny
236,508,6,236,236,2023-02-14,2023,2,Q1,Winter,Tuesday,True,Crop236,Rice,Loam,Drip,Location236,33.01,10.52,21.33,Rainy
237,619,4,237,237,2023-10-05,2023,10,Q4,Autumn,Thursday,True,Crop237,Wheat,Clay,Drip,Location237,32.77,10.45,13.29,Rainy
238,1278,4,238,238,2023-04-19,2023,4,Q2,Autumn,Wednesday,True,Crop238,Wheat,Loam,Sprinkler,Location238,34.51,17.95,5.95,Rainy
239,588,4,239,239,2023-07-14,2023,7,Q3,Winter,Friday,False,Crop239,Rice,Clay,Sprinkler,Location239,21.96,14.1,13.98,Rainy
240,1218,7,240,240,2023-09-30,2023,9,Q3,Winter,Saturday,False,Crop240,Rice,Clay,Drip,Location240,20.79,2.84,16.79,Rainy
241,1282,3,241,241,2023-07-17,2023,7,Q3,Summer,Monday,False,Crop241,Rice,Loam,Drip,Location241,27.72,8.03,11.87,Rainy
242,869,3,242,242,2023-10-12,2023,10,Q4,Autumn,Thursday,False,Crop242,Wheat,Clay,Sprinkler,Location242,31.82,18.44,6.13,Rainy
243,627,10,243,243,2023-06-07,2023,6,Q2,Winter,Wednesday,False,Crop243,Wheat,Loam,Sprinkler,Location243,24.47,19.79,12.7,Cloudy
244,1036,1,244,244,2023-05-29,2023,5,Q2,Spring,Monday,True,Crop244,Rice,Loam,Drip,Location244,20.52,8.87,10.05,Rainy
245,729,10,245,245,2023-10-23,2023,10,Q4,Spring,Monday,True,Crop245,Rice,Loam,Sprinkler,Location245,32.49,19.71,8.74,Cloudy
246,1062,7,246,246,2023-04-21,2023,4,Q2,Winter,Friday,False,Crop246,Wheat,Loam,Sprinkler,Location246,22.42,0.62,20.79,Cloudy
247,513,4,247,247,2023-07-08,2023,7,Q3,Winter,Saturday,False,Crop247,Rice,Clay,Sprinkler,Location247,32.17,4.1,22.64,Cloudy
248,1123,0,248,248,2023-11-15,2023,11,Q4,Summer,Wednesday,False,Crop248,Wheat,Loam,Drip,Location248,20.78,14.83,6.48,Cloudy
249,916,9,249,249,2023-09-13,2023,9,Q3,Winter,Wednesday,False,Crop249,Wheat,Clay,Drip,Location249,24.57,12.67,19.94,Sunny
250,1409,6,250,250,2023-11-12,2023,11,Q4,Spring,Sunday,False,Crop250,Rice,Loam,Sprinkler,Location250,28.44,10.43,6.38,Rainy
251,1228,5,251,251,2023-09-13,2023,9,Q3,Winter,Wednesday,False,Crop251,Wheat,Loam,Sprinkler,Location251,26.77,4.8,20.36,Cloudy
252,915,5,252,252,2023-08-12,2023,8,Q3,Summer,Saturday,True,Crop252,Wheat,Clay,Sprinkler,Location252,30.6,12.38,13.29,Sunny
253,1469,6,253,253,2023-12-15,2023,12,Q4,Autumn,Friday,False,Crop253,Rice,Clay,Sprinkler,Location253,30.66,17.97,14.78,Rainy
254,1466,3,254,254,2023-08-17,2023,8,Q3,Winter,Thursday,True,Crop254,Rice,Loam,Sprinkler,Location254,22.15,15.39,16.1,Cloudy
255,1400,7,255,255,2023-02-08,2023,2,Q1,Spring,Wednesday,True,Crop255,Wheat,Clay,Sprinkler,Location255,20.59,16.68,5.05,Sunny
256,538,3,256,256,2023-09-13,2023,9,Q3,Summer,Wednesday,True,Crop256,Rice,Clay,Drip,Location256,28.14,10.29,9.53,Rainy
257,1290,3,257,257,2023-05-02,2023,5,Q2,Autumn,Tuesday,True,Crop257,Rice,Clay,Sprinkler,Location257,26.54,9.48,9.95,Cloudy
258,1000,5,258,258,2023-04-09,2023,4,Q2,Autumn,Sunday,False,Crop258,Rice,Loam,Sprinkler,Location258,29.32,8.33,24.45,Sunny
259,1020,6,259,259,2023-02-15,2023,2,Q1,Spring,Wednesday,True,Crop259,Rice,Loam,Sprinkler,Location259,27.95,17.55,18.02,Sunny
260,1167,3,260,260,2023-05-15,2023,5,Q2,Autumn,Monday,False,Crop260,Rice,Loam,Sprinkler,Location260,26.95,11.88,19.32,Cloudy
261,510,7,261,261,2023-10-14,2023,10,Q4,Winter,Saturday,False,Crop261,Wheat,Loam,Sprinkler,Location261,34.68,10.49,21.29,Cloudy
262,739,9,262,262,2023-04-16,2023,4,Q2,Autumn,Sunday,False,Crop262,Wheat,Loam,Sprinkler,Location262,20.78,11.69,14.28,Rainy
263,1264,0,263,263,2023-12-08,2023,12,Q4,Winter,Friday,True,Crop263,Wheat,Clay,Sprinkler,Location263,28.98,8.4,11.99,Cloudy
264,1007,9,264,264,2023-02-28,2023,2,Q1,Spring,Tuesday,False,Crop264,Wheat,Loam,Drip,Location264,32.74,0.06,7.2,Cloudy
265,982,6,265,265,2023-06-22,2023,6,Q2,Autumn,Thursday,False,Crop265,Wheat,Loam,Drip,Location265,26.04,6.22,23.52,Rainy
266,1022,2,266,266,2023-10-04,2023,10,Q4,Spring,Wednesday,False,Crop266,Wheat,Clay,Drip,Location266,31.88,19.38,9.13,Cloudy
267,958,4,267,267,2023-12-20,2023,12,Q4,Summer,Wednesday,True,Crop267,Rice,Loam,Sprinkler,Location267,20.6,3.52,13.33,Cloudy
268,1218,6,268,268,2023-01-04,2023,1,Q1,Spring,Wednesday,True,Crop268,Rice,Loam,Drip,Location268,29.46,17.44,12.96,Rainy
269,849,3,269,269,2023-12-10,2023,12,Q4,Spring,Sunday,False,Crop269,Wheat,Loam,Sprinkler,Location269,26.08,1.24,6.96,Sunny
270,1336,9,270,270,2023-05-25,2023,5,Q2,Summer,Thursday,False,Crop270,Rice,Clay,Sprinkler,Location270,27.8,6.75,17.01,Rainy
271,602,8,271,271,2023-07-30,2023,7,Q3,Winter,Sunday,True,Crop271,Rice,Loam,Sprinkler,Location271,33.43,13.24,7.35,Cloudy
272,823,10,272,272,2023-02-19,2023,2,Q1,Spring,Sunday,False,Crop272,Rice,Clay,Sprinkler,Location272,26.08,17.96,8.84,Rainy
273,1233,2,273,273,2023-12-07,2023,12,Q4,Autumn,Thursday,False,Crop273,Rice,Clay,Sprinkler,Location273,30.18,17.42,22.11,Rainy
274,1188,1,274,274,2023-03-16,2023,3,Q1,Summer,Thursday,True,Crop274,Wheat,Loam,Sprinkler,Location274,28.87,15.26,14.93,Sunny
275,1220,10,275,275,2023-01-13,2023,1,Q1,Winter,Friday,False,Crop275,Wheat,Loam,Drip,Location275,29.73,0.53,13.34,Sunny
276,1365,5,276,276,2023-02-13,2023,2,Q1,Winter,Monday,False,Crop276,Wheat,Clay,Sprinkler,Location276,27.78,18.11,19.68,Sunny
277,924,4,277,277,2023-09-06,2023,9,Q3,Winter,Wednesday,True,Crop277,Wheat,Clay,Sprinkler,Location277,24.37,17.01,14.08,Cloudy
278,968,6,278,278,2023-02-17,2023,2,Q1,Summer,Friday,False,Crop278,Wheat,Loam,Sprinkler,Location278,30.33,19.24,10.96,Rainy
279,919,10,279,279,2023-02-12,2023,2,Q1,Spring,Sunday,False,Crop279,Rice,Clay,Drip,Location279,21.87,4.89,20.81,Cloudy
280,1399,1,280,280,2023-11-13,2023,11,Q4,Autumn,Monday,False,Crop280,Rice,Clay,Sprinkler,Location280,21.88,3.91,5.67,Cloudy
281,509,5,281,281,2023-01-22,2023,1,Q1,Spring,Sunday,False,Crop281,Rice,Clay,Drip,Location281,30.2,12.78,18.11,Rainy
282,593,2,282,282,2023-11-10,2023,11,Q4,Spring,Friday,False,Crop282,Wheat,Loam,Drip,Location282,26.0,11.79,21.37,Cloudy
283,701,8,283,283,2023-12-22,2023,12,Q4,Winter,Friday,True,Crop283,Rice,Loam,Sprinkler,Location283,26.9,11.86,13.83,Sunny
284,637,7,284,284,2023-03-09,2023,3,Q1,Autumn,Thursday,False,Crop284,Rice,Loam,Drip,Location284,29.06,5.32,10.96,Sunny
285,1004,5,285,285,2023-02-14,2023,2,Q1,Spring,Tuesday,True,Crop285,Rice,Clay,Sprinkler,Location285,31.08,18.3,12.89,Rainy
286,1219,4,286,286,2023-01-27,2023,1,Q1,Winter,Friday,True,Crop286,Rice,Clay,Drip,Location286,23.67,1.21,12.75,Sunny
287,822,9,287,287,2023-11-24,2023,11,Q4,Summer,Friday,True,Crop287,Wheat,Loam,Sprinkler,Location287,33.84,9.74,9.26,Sunny
288,1393,2,288,288,2023-04-22,2023,4,Q2,Autumn,Saturday,True,Crop288,Rice,Loam,Drip,Location288,28.11,16.49,20.11,Cloudy
289,1048,0,289,289,2023-06-27,2023,6,Q2,Summer,Tuesday,False,Crop289,Wheat,Clay,Drip,Location289,27.81,16.37,16.49,Cloudy
290,775,2,290,290,2023-10-11,2023,10,Q4,Autumn,Wednesday,False,Crop290,Rice,Clay,Sprinkler,Location290,30.62,5.11,10.12,Sunny
291,854,8,291,291,2023-10-02,2023,10,Q4,Summer,Monday,True,Crop291,Wheat,Loam,Sprinkler,Location291,32.36,7.71,11.18,Cloudy
292,1049,9,292,292,2023-12-12,2023,12,Q4,Winter,Tuesday,False,Crop292,Wheat,Clay,Sprinkler,Location292,34.2,9.91,8.1,Cloudy
293,507,8,293,293,2023-05-14,2023,5,Q2,Autumn,Sunday,True,Crop293,Wheat,Loam,Drip,Location293,21.54,6.13,23.38,Cloudy
294,1092,3,294,294,2023-11-30,2023,11,Q4,Winter,Thursday,False,Crop294,Rice,Loam,Drip,Location294,25.05,15.47,21.95,Rainy
295,1306,10,295,295,2023-08-17,2023,8,Q3,Winter,Thursday,False,Crop295,Rice,Loam,Sprinkler,Location295,25.03,14.35,14.22,Rainy
296,841,2,296,296,2023-12-14,2023,12,Q4,Summer,Thursday,False,Crop296,Rice,Clay,Sprinkler,Location296,27.85,9.88,18.95,Sunny
297,949,3,297,297,2023-02-11,2023,2,Q1,Spring,Saturday,True,Crop297,Rice,Loam,Sprinkler,Location297,22.07,7.93,9.19,Sunny
298,781,0,298,298,2023-02-10,2023,2,Q1,Summer,Friday,False,Crop298,Wheat,Clay,Drip,Location298,28.19,18.57,17.87,Cloudy
299,1316,4,299,299,2023-07-20,2023,7,Q3,Autumn,Thursday,True,Crop299,Rice,Loam,Drip,Location299,28.47,2.34,18.44,Cloudy
300,1243,4,300,300,2023-03-17,2023,3,Q1,Autumn,Friday,False,Crop300,Wheat,Loam,Drip,Location300,31.98,12.09,21.78,Cloudy
301,883,7,301,301,2023-06-27,2023,6,Q2,Autumn,Tuesday,True,Crop301,Rice,Loam,Drip,Location301,21.08,2.0,19.95,Rainy
302,853,9,302,302,2023-10-04,2023,10,Q4,Winter,Wednesday,False,Crop302,Wheat,Loam,Drip,Location302,34.69,14.77,20.92,Cloudy
303,1006,2,303,303,2023-11-02,2023,11,Q4,Winter,Thursday,True,Crop303,Wheat,Loam,Drip,Location303,22.14,8.96,21.49,Cloudy
304,562,1,304,304,2023-07-08,2023,7,Q3,Spring,Saturday,False,Crop304,Wheat,Clay,Sprinkler,Location304,27.49,2.76,22.7,Rainy
305,941,2,305,305,2023-05-06,2023,5,Q2,Spring,Saturday,True,Crop305,Wheat,Loam,Drip,Location305,30.83,7.28,6.13,Cloudy
306,1404,4,306,306,2023-08-10,2023,8,Q3,Summer,Thursday,False,Crop306,Wheat,Loam,Sprinkler,Location306,30.07,1.55,21.98,Rainy
307,575,6,307,307,2023-11-22,2023,11,Q4,Autumn,Wednesday,True,Crop307,Rice,Loam,Drip,Location307,23.69,17.56,22.0,Rainy
308,811,3,308,308,2023-11-09,2023,11,Q4,Spring,Thursday,False,Crop308,Wheat,Loam,Drip,Location308,29.08,0.44,21.97,Rainy
309,514,3,309,309,2023-09-14,2023,9,Q3,Autumn,Thursday,False,Crop309,Wheat,Loam,Drip,Location309,20.23,4.15,9.97,Rainy
310,1400,5,310,310,2023-01-04,2023,1,Q1,Winter,Wednesday,True,Crop310,Wheat,Loam,Sprinkler,Location310,21.77,17.12,11.05,Sunny
311,1479,9,311,311,2023-07-11,2023,7,Q3,Summer,Tuesday,True,Crop311,Rice,Loam,Sprinkler,Location311,26.09,12.8,9.65,Rainy
312,1479,8,312,312,2023-01-31,2023,1,Q1,Winter,Tuesday,False,Crop312,Rice,Loam,Sprinkler,Location312,22.2,18.69,8.07,Cloudy
313,1025,1,313,313,2023-01-16,2023,1,Q1,Summer,Monday,False,Crop313,Rice,Clay,Drip,Location313,20.06,8.91,10.3,Sunny
314,1471,6,314,314,2023-04-16,2023,4,Q2,Summer,Sunday,True,Crop314,Wheat,Clay,Drip,Location314,34.89,2.21,23.17,Sunny
315,1469,8,315,315,2023-03-10,2023,3,Q1,Autumn,Friday,True,Crop315,Rice,Clay,Drip,Location315,29.8,10.67,12.63,Cloudy
316,1069,3,316,316,2023-05-13,2023,5,Q2,Spring,Saturday,False,Crop316,Wheat,Loam,Drip,Location316,28.04,4.12,22.44,Rainy
317,1432,0,317,317,2023-06-23,2023,6,Q2,Spring,Friday,False,Crop317,Rice,Loam,Drip,Location317,26.62,14.58,19.86,Cloudy
318,1112,1,318,318,2023-07-29,2023,7,Q3,Winter,Saturday,False,Crop318,Rice,Loam,Drip,Location318,31.36,19.42,20.81,Cloudy
319,1202,10,319,319,2023-08-17,2023,8,Q3,Autumn,Thursday,True,Crop319,Wheat,Clay,Drip,Location319,21.78,8.28,20.67,Sunny
320,784,1,320,320,2023-03-25,2023,3,Q1,Winter,Saturday,False,Crop320,Wheat,Clay,Drip,Location320,30.37,6.31,9.92,Cloudy
321,1480,2,321,321,2023-02-18,2023,2,Q1,Autumn,Saturday,True,Crop321,Rice,Loam,Sprinkler,Location321,25.48,15.91,16.46,Sunny
322,679,0,322,322,2023-10-23,2023,10,Q4,Autumn,Monday,True,Crop322,Wheat,Clay,Sprinkler,Location322,20.43,3.1,11.81,Sunny
323,1480,9,323,323,2023-02-18,2023,2,Q1,Winter,Saturday,True,Crop323,Rice,Loam,Drip,Location323,21.13,7.64,16.33,Cloudy
324,1303,10,324,324,2023-09-27,2023,9,Q3,Autumn,Wednesday,False,Crop324,Rice,Clay,Sprinkler,Location324,21.22,11.33,6.15,Cloudy
325,880,5,325,325,2023-10-29,2023,10,Q4,Autumn,Sunday,False,Crop325,Rice,Loam,Sprinkler,Location325,25.06,9.11,22.73,Cloudy
326,541,6,326,326,2023-10-21,2023,10,Q4,Summer,Saturday,False,Crop326,Wheat,Clay,Drip,Location326,32.2,14.31,15.98,Sunny
327,538,0,327,327,2023-09-25,2023,9,Q3,Summer,Monday,False,Crop327,Rice,Clay,Sprinkler,Location327,20.76,19.32,11.45,Cloudy
328,721,2,328,328,2023-02-03,2023,2,Q1,Summer,Friday,True,Crop328,Wheat,Loam,Drip,Location328,28.99,17.98,22.16,Rainy
329,876,4,329,329,2023-01-30,2023,1,Q1,Summer,Monday,True,Crop329,Rice,Clay,Drip,Location329,33.19,17.42,21.58,Cloudy
330,1464,3,330,330,2023-09-01,2023,9,Q3,Summer,Friday,True,Crop330,Wheat,Loam,Drip,Location330,25.59,7.58,21.97,Sunny
331,1353,3,331,331,2023-11-16,2023,11,Q4,Spring,Thursday,False,Crop331,Rice,Clay,Sprinkler,Location331,30.46,6.08,21.93,Cloudy
332,633,6,332,332,2023-02-27,2023,2,Q1,Autumn,Monday,True,Crop332,Rice,Clay,Drip,Location332,34.22,4.9,19.13,Cloudy
333,980,1,333,333,2023-04-10,2023,4,Q2,Spring,Monday,True,Crop333,Rice,Clay,Drip,Location333,27.01,11.34,7.46,Rainy
334,1149,6,334,334,2023-01-15,2023,1,Q1,Autumn,Sunday,True,Crop334,Wheat,Loam,Drip,Location334,34.29,18.08,17.17,Sunny
335,1325,1,335,335,2023-05-12,2023,5,Q2,Winter,Friday,True,Crop335,Rice,Clay,Drip,Location335,20.55,17.14,7.84,Rainy
336,1500,7,336,336,2023-04-10,2023,4,Q2,Summer,Monday,True,Crop336,Wheat,Clay,Sprinkler,Location336,24.04,19.74,6.02,Sunny
337,1299,7,337,337,2023-05-05,2023,5,Q2,Summer,Friday,False,Crop337,Rice,Loam,Drip,Location337,33.44,0.39,12.45,Rainy
338,617,2,338,338,2023-01-02,2023,1,Q1,Spring,Monday,True,Crop338,Wheat,Loam,Drip,Location338,30.05,7.27,23.31,Sunny
339,1319,5,339,339,2023-05-22,2023,5,Q2,Autumn,Monday,False,Crop339,Wheat,Clay,Sprinkler,Location339,29.3,4.35,22.54,Rainy
340,1263,6,340,340,2023-04-23,2023,4,Q2,Winter,Sunday,True,Crop340,Wheat,Loam,Sprinkler,Location340,31.84,5.19,6.5,Cloudy
341,1219,2,341,341,2023-01-16,2023,1,Q1,Autumn,Monday,False,Crop341,Wheat,Loam,Drip,Location341,24.57,13.75,15.01,Rainy
342,1437,9,342,342,2023-09-11,2023,9,Q3,Winter,Monday,False,Crop342,Wheat,Clay,Sprinkler,Location342,23.86,6.86,9.5,Cloudy
343,1442,4,343,343,2023-01-04,2023,1,Q1,Spring,Wednesday,False,Crop343,Wheat,Loam,Drip,Location343,20.56,18.1,7.27,Rainy
344,805,6,344,344,2023-05-07,2023,5,Q2,Summer,Sunday,False,Crop344,Wheat,Clay,Drip,Location344,31.43,14.92,6.86,Sunny
345,1313,4,345,345,2023-08-13,2023,8,Q3,Spring,Sunday,False,Crop345,Wheat,Loam,Drip,Location345,24.34,13.73,14.01,Cloudy
346,1022,1,346,346,2023-03-22,2023,3,Q1,Summer,Wednesday,False,Crop346,Wheat,Clay,Sprinkler,Location346,29.99,5.85,17.98,Sunny
347,554,1,347,347,2023-04-14,2023,4,Q2,Autumn,Friday,False,Crop347,Wheat,Clay,Drip,Location347,23.39,0.58,5.46,Sunny
348,1245,5,348,348,2023-04-25,2023,4,Q2,Summer,Tuesday,False,Crop348,Rice,Clay,Drip,Location348,28.13,14.67,9.47,Rainy
349,684,5,349,349,2023-04-13,2023,4,Q2,Summer,Thursday,True,Crop349,Wheat,Loam,Sprinkler,Location349,27.54,10.6,10.34,Sunny
350,1496,8,350,350,2023-03-07,2023,3,Q1,Winter,Tuesday,True,Crop350,Wheat,Loam,Drip,Location350,33.46,12.7,9.25,Rainy
351,1173,3,351,351,2023-07-23,2023,7,Q3,Winter,Sunday,True,Crop351,Rice,Clay,Drip,Location351,21.7,3.29,19.98,Rainy
352,504,10,352,352,2023-12-25,2023,12,Q4,Summer,Monday,False,Crop352,Wheat,Loam,Drip,Location352,21.64,12.62,15.26,Sunny
353,1228,10,353,353,2023-10-12,2023,10,Q4,Autumn,Thursday,True,Crop353,Wheat,Loam,Sprinkler,Location353,23.46,11.4,12.46,Rainy
354,832,0,354,354,2023-07-26,2023,7,Q3,Autumn,Wednesday,True,Crop354,Wheat,Clay,Drip,Location354,24.38,17.25,5.67,Cloudy
355,648,3,355,355,2023-08-10,2023,8,Q3,Autumn,Thursday,True,Crop355,Rice,Clay,Drip,Location355,26.58,15.31,13.95,Rainy
356,1087,0,356,356,2023-02-26,2023,2,Q1,Spring,Sunday,False,Crop356,Wheat,Loam,Drip,Location356,31.33,10.21,12.6,Rainy
357,1425,8,357,357,2023-09-25,2023,9,Q3,Winter,Monday,True,Crop357,Wheat,Loam,Sprinkler,Location357,31.22,17.35,24.73,Sunny
358,821,6,358,358,2023-06-15,2023,6,Q2,Autumn,Thursday,False,Crop358,Rice,Loam,Drip,Location358,24.36,10.37,24.36,Sunny
359,804,2,359,359,2023-07-07,2023,7,Q3,Summer,Friday,False,Crop359,Wheat,Loam,Drip,Location359,29.92,6.84,13.09,Sunny
360,519,7,360,360,2023-08-06,2023,8,Q3,Winter,Sunday,True,Crop360,Rice,Clay,Drip,Location360,20.26,11.21,9.43,Rainy
361,508,2,361,361,2023-03-26,2023,3,Q1,Spring,Sunday,False,Crop361,Rice,Loam,Sprinkler,Location361,24.05,11.08,24.38,Sunny
362,975,4,362,362,2023-03-29,2023,3,Q1,Spring,Wednesday,True,Crop362,Wheat,Clay,Drip,Location362,25.14,3.15,8.52,Rainy
363,776,5,363,363,2023-10-29,2023,10,Q4,Spring,Sunday,True,Crop363,Wheat,Clay,Drip,Location363,24.01,2.67,18.59,Rainy
364,1345,10,364,364,2023-03-04,2023,3,Q1,Summer,Saturday,False,Crop364,Rice,Loam,Drip,Location364,20.24,18.0,7.74,Cloudy
365,1499,0,365,365,2023-04-23,2023,4,Q2,Spring,Sunday,True,Crop365,Wheat,Clay,Sprinkler,Location365,24.22,6.76,19.32,Rainy
366,829,7,366,366,2023-07-03,2023,7,Q3,Winter,Monday,False,Crop366,Rice,Clay,Drip,Location366,24.83,13.58,18.06,Rainy
367,1058,2,367,367,2023-12-02,2023,12,Q4,Winter,Saturday,True,Crop367,Rice,Clay,Sprinkler,Location367,30.47,18.27,15.14,Cloudy
368,1243,4,368,368,2023-03-27,2023,3,Q1,Autumn,Monday,False,Crop368,Rice,Loam,Drip,Location368,21.42,18.31,22.55,Cloudy
369,783,2,369,369,2023-09-23,2023,9,Q3,Winter,Saturday,False,Crop369,Rice,Clay,Drip,Location369,33.56,14.13,7.8,Rainy
370,942,2,370,370,2023-04-04,2023,4,Q2,Summer,Tuesday,False,Crop370,Rice,Loam,Sprinkler,Location370,22.78,16.99,9.33,Cloudy
371,750,6,371,371,2023-10-12,2023,10,Q4,Autumn,Thursday,False,Crop371,Rice,Clay,Drip,Location371,27.06,2.19,12.47,Cloudy
372,951,0,372,372,2023-03-02,2023,3,Q1,Spring,Thursday,True,Crop372,Rice,Clay,Sprinkler,Location372,26.51,0.36,8.72,Cloudy
373,872,4,373,373,2023-05-20,2023,5,Q2,Winter,Saturday,False,Crop373,Wheat,Clay,Drip,Location373,32.99,9.37,12.14,Sunny
374,1478,1,374,374,2023-06-19,2023,6,Q2,Summer,Monday,False,Crop374,Rice,Clay,Sprinkler,Location374,28.51,8.68,18.03,Cloudy
375,807,10,375,375,2023-12-06,2023,12,Q4,Autumn,Wednesday,True,Crop375,Wheat,Clay,Drip,Location375,21.88,15.96,5.15,Cloudy
376,1211,4,376,376,2023-05-24,2023,5,Q2,Spring,Wednesday,True,Crop376,Wheat,Loam,Drip,Location376,23.38,11.84,15.91,Cloudy
377,1088,7,377,377,2023-11-07,2023,11,Q4,Autumn,Tuesday,False,Crop377,Wheat,Clay,Sprinkler,Location377,21.22,8.53,23.86,Sunny
378,1014,0,378,378,2023-02-11,2023,2,Q1,Winter,Saturday,True,Crop378,Rice,Loam,Drip,Location378,23.82,14.78,5.34,Sunny
379,1180,7,379,379,2023-08-02,2023,8,Q3,Summer,Wednesday,True,Crop379,Wheat,Clay,Sprinkler,Location379,31.8,2.04,24.0,Sunny
380,794,9,380,380,2023-02-27,2023,2,Q1,Spring,Monday,False,Crop380,Rice,Clay,Drip,Location380,21.28,13.31,8.44,Rainy
381,921,7,381,381,2023-06-28,2023,6,Q2,Autumn,Wednesday,True,Crop381,Wheat,Loam,Drip,Location381,34.62,9.71,23.36,Rainy
382,566,3,382,382,2023-09-21,2023,9,Q3,Summer,Thursday,False,Crop382,Rice,Loam,Sprinkler,Location382,28.07,8.62,22.23,Sunny
383,710,5,383,383,2023-07-10,2023,7,Q3,Autumn,Monday,False,Crop383,Rice,Loam,Drip,Location383,32.51,15.56,23.23,Rainy
384,1206,0,384,384,2023-10-08,2023,10,Q4,Autumn,Sunday,False,Crop384,Wheat,Loam,Drip,Location384,22.38,2.86,9.55,Sunny
385,1397,9,385,385,2023-11-01,2023,11,Q4,Winter,Wednesday,True,Crop385,Wheat,Clay,Sprinkler,Location385,24.37,0.02,8.15,Rainy
386,1415,10,386,386,2023-03-27,2023,3,Q1,Autumn,Monday,True,Crop386,Rice,Loam,Sprinkler,Location386,32.13,17.83,23.68,Rainy
387,699,4,387,387,2023-09-28,2023,9,Q3,Winter,Thursday,True,Crop387,Wheat,Clay,Drip,Location387,27.22,6.34,22.08,Sunny
388,568,7,388,388,2023-10-26,2023,10,Q4,Winter,Thursday,False,Crop388,Rice,Loam,Drip,Location388,28.53,14.48,18.39,Sunny
389,711,1,389,389,2023-01-22,2023,1,Q1,Autumn,Sunday,False,Crop389,Wheat,Loam,Drip,Location389,28.77,13.94,22.28,Sunny
390,922,2,390,390,2023-10-03,2023,10,Q4,Autumn,Tuesday,True,Crop390,Rice,Loam,Drip,Location390,30.69,6.96,11.5,Cloudy
391,928,8,391,391,2023-08-15,2023,8,Q3,Winter,Tuesday,True,Crop391,Wheat,Clay,Sprinkler,Location391,32.2,4.44,21.72,Sunny
392,1002,6,392,392,2023-09-28,2023,9,Q3,Spring,Thursday,False,Crop392,Rice,Loam,Sprinkler,Location392,28.57,18.94,6.41,Cloudy
393,920,5,393,393,2023-12-08,2023,12,Q4,Winter,Friday,True,Crop393,Wheat,Clay,Drip,Location393,27.84,0.97,10.89,Rainy
394,1435,5,394,394,2023-05-22,2023,5,Q2,Winter,Monday,False,Crop394,Wheat,Loam,Sprinkler,Location394,34.56,13.81,7.66,Sunny
395,561,0,395,395,2023-05-28,2023,5,Q2,Spring,Sunday,True,Crop395,Wheat,Clay,Drip,Location395,22.24,1.67,9.6,Cloudy
396,1293,1,396,396,2023-03-15,2023,3,Q1,Autumn,Wednesday,False,Crop396,Wheat,Loam,Sprinkler,Location396,31.78,17.44,21.21,Cloudy
397,764,6,397,397,2023-07-18,2023,7,Q3,Spring,Tuesday,True,Crop397,Wheat,Clay,Sprinkler,Location397,30.49,13.87,8.47,Cloudy
398,904,10,398,398,2023-06-23,2023,6,Q2,Summer,Friday,True,Crop398,Rice,Loam,Sprinkler,Location398,31.12,8.17,14.86,Sunny
399,1499,6,399,399,2023-05-27,2023,5,Q2,Summer,Saturday,False,Crop399,Rice,Loam,Drip,Location399,26.31,11.99,9.7,Sunny
400,1002,8,400,400,2023-02-23,2023,2,Q1,Autumn,Thursday,True,Crop400,Wheat,Loam,Sprinkler,Location400,21.28,6.59,16.91,Rainy
401,825,1,401,401,2023-07-25,2023,7,Q3,Autumn,Tuesday,False,Crop401,Rice,Clay,Sprinkler,Location401,32.58,10.72,24.98,Rainy
402,740,2,402,402,2023-10-05,2023,10,Q4,Autumn,Thursday,True,Crop402,Rice,Loam,Drip,Location402,23.38,13.02,12.93,Cloudy
403,957,4,403,403,2023-08-15,2023,8,Q3,Autumn,Tuesday,False,Crop403,Rice,Loam,Drip,Location403,21.14,3.93,6.36,Rainy
404,572,2,404,404,2023-03-22,2023,3,Q1,Summer,Wednesday,True,Crop404,Rice,Loam,Drip,Location404,28.24,9.64,21.99,Sunny
405,1199,1,405,405,2023-07-15,2023,7,Q3,Autumn,Saturday,True,Crop405,Wheat,Clay,Sprinkler,Location405,34.97,4.1,11.39,Rainy
406,958,3,406,406,2023-06-17,2023,6,Q2,Winter,Saturday,True,Crop406,Wheat,Loam,Drip,Location406,22.99,17.4,21.81,Rainy
407,1020,0,407,407,2023-01-21,2023,1,Q1,Autumn,Saturday,True,Crop407,Wheat,Loam,Drip,Location407,32.85,1.37,8.5,Rainy
408,1456,6,408,408,2023-08-14,2023,8,Q3,Summer,Monday,False,Crop408,Rice,Clay,Sprinkler,Location408,32.88,5.99,8.65,Sunny
409,1492,6,409,409,2023-06-26,2023,6,Q2,Spring,Monday,True,Crop409,Wheat,Loam,Drip,Location409,29.85,14.38,17.59,Rainy
410,1224,4,410,410,2023-12-19,2023,12,Q4,Autumn,Tuesday,True,Crop410,Rice,Loam,Drip,Location410,22.58,15.79,14.48,Cloudy
411,896,2,411,411,2023-01-15,2023,1,Q1,Winter,Sunday,True,Crop411,Wheat,Loam,Sprinkler,Location411,31.38,1.42,5.23,Cloudy
412,1454,0,412,412,2023-04-25,2023,4,Q2,Spring,Tuesday,True,Crop412,Rice,Loam,Drip,Location412,26.58,5.78,23.92,Cloudy
413,898,5,413,413,2023-05-10,2023,5,Q2,Summer,Wednesday,False,Crop413,Rice,Clay,Sprinkler,Location413,28.78,2.39,6.51,Sunny
414,603,0,414,414,2023-08-18,2023,8,Q3,Autumn,Friday,False,Crop414,Wheat,Loam,Drip,Location414,21.82,18.24,17.96,Sunny
415,826,5,415,415,2023-07-21,2023,7,Q3,Summer,Friday,True,Crop415,Wheat,Loam,Drip,Location415,21.63,14.89,13.53,Cloudy
416,747,3,416,416,2023-03-14,2023,3,Q1,Summer,Tuesday,True,Crop416,Wheat,Clay,Sprinkler,Location416,20.25,7.18,19.46,Sunny
417,1463,2,417,417,2023-01-19,2023,1,Q1,Summer,Thursday,True,Crop417,Rice,Clay,Sprinkler,Location417,30.11,8.69,22.47,Cloudy
418,539,9,418,418,2023-02-15,2023,2,Q1,Summer,Wednesday,False,Crop418,Wheat,Loam,Drip,Location418,27.44,2.7,5.62,Rainy
419,844,7,419,419,2023-02-08,2023,2,Q1,Autumn,Wednesday,False,Crop419,Rice,Clay,Sprinkler,Location419,26.54,4.79,11.53,Cloudy
420,756,0,420,420,2023-07-02,2023,7,Q3,Winter,Sunday,True,Crop420,Rice,Loam,Drip,Location420,31.32,18.93,9.82,Sunny
421,1432,8,421,421,2023-01-05,2023,1,Q1,Spring,Thursday,True,Crop421,Rice,Loam,Drip,Location421,28.66,10.19,11.4,Cloudy
422,629,2,422,422,2023-12-08,2023,12,Q4,Autumn,Friday,False,Crop422,Rice,Loam,Drip,Location422,20.47,11.52,20.1,Sunny
423,1287,4,423,423,2023-07-10,2023,7,Q3,Spring,Monday,True,Crop423,Rice,Loam,Sprinkler,Location423,21.42,15.83,5.82,Cloudy
424,577,5,424,424,2023-07-29,2023,7,Q3,Spring,Saturday,False,Crop424,Rice,Loam,Sprinkler,Location424,31.78,12.37,13.49,Sunny
425,1318,0,425,425,2023-04-03,2023,4,Q2,Summer,Monday,False,Crop425,Rice,Loam,Sprinkler,Location425,21.65,14.96,10.17,Rainy
426,1351,3,426,426,2023-12-04,2023,12,Q4,Spring,Monday,True,Crop426,Wheat,Loam,Drip,Location426,30.06,1.71,19.96,Cloudy
427,1206,2,427,427,2023-10-01,2023,10,Q4,Spring,Sunday,False,Crop427,Rice,Clay,Drip,Location427,25.63,5.8,21.14,Rainy
428,1047,3,428,428,2023-05-25,2023,5,Q2,Summer,Thursday,False,Crop428,Rice,Loam,Sprinkler,Location428,24.89,7.81,11.72,Sunny
429,1052,9,429,429,2023-09-09,2023,9,Q3,Summer,Saturday,True,Crop429,Rice,Clay,Sprinkler,Location429,22.85,11.03,9.83,Sunny
430,1482,5,430,430,2023-07-11,2023,7,Q3,Autumn,Tuesday,False,Crop430,Rice,Clay,Sprinkler,Location430,21.99,16.15,7.41,Cloudy
431,797,2,431,431,2023-08-09,2023,8,Q3,Winter,Wednesday,False,Crop431,Wheat,Clay,Sprinkler,Location431,33.74,7.74,18.89,Sunny
432,616,1,432,432,2023-08-13,2023,8,Q3,Autumn,Sunday,True,Crop432,Wheat,Clay,Drip,Location432,29.63,18.42,17.66,Sunny
433,1399,4,433,433,2023-08-08,2023,8,Q3,Autumn,Tuesday,True,Crop433,Wheat,Clay,Sprinkler,Location433,34.06,6.56,8.05,Rainy
434,1179,6,434,434,2023-01-15,2023,1,Q1,Summer,Sunday,False,Crop434,Rice,Clay,Sprinkler,Location434,33.33,2.5,15.7,Sunny
435,1457,3,435,435,2023-10-24,2023,10,Q4,Autumn,Tuesday,False,Crop435,Wheat,Loam,Sprinkler,Location435,22.59,18.97,12.11,Cloudy
436,966,8,436,436,2023-06-28,2023,6,Q2,Winter,Wednesday,False,Crop436,Rice,Loam,Sprinkler,Location436,31.35,10.4,15.71,Rainy
437,1274,5,437,437,2023-02-17,2023,2,Q1,Summer,Friday,False,Crop437,Rice,Loam,Sprinkler,Location437,24.8,6.44,17.42,Sunny
438,877,9,438,438,2023-09-30,2023,9,Q3,Autumn,Saturday,True,Crop438,Rice,Loam,Drip,Location438,32.62,18.2,9.61,Rainy
439,509,10,439,439,2023-10-31,2023,10,Q4,Spring,Tuesday,False,Crop439,Wheat,Clay,Drip,Location439,20.05,6.6,21.32,Sunny
440,1125,7,440,440,2023-01-04,2023,1,Q1,Summer,Wednesday,True,Crop440,Rice,Loam,Sprinkler,Location440,22.31,1.32,18.99,Sunny
441,936,8,441,441,2023-02-13,2023,2,Q1,Summer,Monday,True,Crop441,Rice,Clay,Sprinkler,Location441,29.47,14.71,24.77,Rainy
442,877,9,442,442,2023-02-02,2023,2,Q1,Summer,Thursday,False,Crop442,Wheat,Loam,Sprinkler,Location442,33.45,2.78,14.49,Rainy
443,1043,3,443,443,2023-02-14,2023,2,Q1,Winter,Tuesday,False,Crop443,Wheat,Loam,Drip,Location443,23.2,8.74,19.09,Sunny
444,1380,6,444,444,2023-01-18,2023,1,Q1,Summer,Wednesday,False,Crop444,Rice,Clay,Sprinkler,Location444,25.52,15.5,23.5,Rainy
445,907,5,445,445,2023-08-28,2023,8,Q3,Summer,Monday,False,Crop445,Wheat,Loam,Sprinkler,Location445,34.22,13.62,10.32,Sunny
446,1058,4,446,446,2023-01-29,2023,1,Q1,Winter,Sunday,False,Crop446,Wheat,Clay,Sprinkler,Location446,32.5,4.94,19.17,Sunny
447,908,6,447,447,2023-06-02,2023,6,Q2,Summer,Friday,True,Crop447,Rice,Clay,Sprinkler,Location447,26.27,8.79,16.4,Rainy
448,1155,1,448,448,2023-04-14,2023,4,Q2,Spring,Friday,False,Crop448,Rice,Loam,Drip,Location448,34.98,3.82,7.22,Rainy
449,1124,2,449,449,2023-06-06,2023,6,Q2,Autumn,Tuesday,False,Crop449,Wheat,Clay,Drip,Location449,32.42,13.23,22.62,Sunny
450,671,6,450,450,2023-08-18,2023,8,Q3,Spring,Friday,True,Crop450,Wheat,Loam,Drip,Location450,23.57,11.44,17.37,Rainy
451,1232,6,451,451,2023-12-14,2023,12,Q4,Spring,Thursday,False,Crop451,Rice,Clay,Drip,Location451,25.07,15.04,18.76,Sunny
452,788,3,452,452,2023-02-25,2023,2,Q1,Winter,Saturday,True,Crop452,Rice,Loam,Sprinkler,Location452,24.87,0.55,12.62,Sunny
453,687,1,453,453,2023-01-24,2023,1,Q1,Autumn,Tuesday,False,Crop453,Wheat,Loam,Sprinkler,Location453,26.01,15.69,14.46,Sunny
454,1128,5,454,454,2023-06-03,2023,6,Q2,Spring,Saturday,False,Crop454,Rice,Loam,Drip,Location454,20.12,18.56,15.07,Sunny
455,841,8,455,455,2023-10-29,2023,10,Q4,Spring,Sunday,False,Crop455,Wheat,Clay,Drip,Location455,31.42,12.54,6.51,Cloudy
456,1369,3,456,456,2023-11-06,2023,11,Q4,Spring,Monday,False,Crop456,Wheat,Clay,Sprinkler,Location456,29.3,7.12,6.8,Sunny
457,1228,4,457,457,2023-10-04,2023,10,Q4,Summer,Wednesday,False,Crop457,Wheat,Loam,Drip,Location457,30.9,5.0,22.69,Sunny
458,865,5,458,458,2023-06-25,2023,6,Q2,Winter,Sunday,False,Crop458,Wheat,Loam,Drip,Location458,31.43,9.72,23.67,Sunny
459,837,2,459,459,2023-11-18,2023,11,Q4,Summer,Saturday,False,Crop459,Wheat,Clay,Drip,Location459,20.32,2.75,21.66,Rainy
460,921,0,460,460,2023-12-05,2023,12,Q4,Spring,Tuesday,True,Crop460,Wheat,Clay,Sprinkler,Location460,23.44,19.28,15.23,Cloudy
461,551,2,461,461,2023-08-24,2023,8,Q3,Autumn,Thursday,False,Crop461,Rice,Loam,Drip,Location461,31.66,0.65,10.88,Cloudy
462,1165,9,462,462,2023-12-03,2023,12,Q4,Spring,Sunday,False,Crop462,Rice,Loam,Sprinkler,Location462,33.77,6.5,10.31,Sunny
463,1343,8,463,463,2023-12-02,2023,12,Q4,Winter,Saturday,True,Crop463,Wheat,Clay,Sprinkler,Location463,27.24,14.48,16.2,Cloudy
464,1358,0,464,464,2023-04-19,2023,4,Q2,Summer,Wednesday,False,Crop464,Rice,Loam,Sprinkler,Location464,21.48,13.08,22.88,Cloudy
465,1087,3,465,465,2023-05-06,2023,5,Q2,Summer,Saturday,False,Crop465,Wheat,Loam,Drip,Location465,25.03,14.75,11.27,Rainy
466,759,2,466,466,2023-03-11,2023,3,Q1,Summer,Saturday,False,Crop466,Rice,Loam,Drip,Location466,29.25,10.94,16.76,Sunny
467,1392,6,467,467,2023-03-04,2023,3,Q1,Winter,Saturday,False,Crop467,Wheat,Clay,Drip,Location467,34.5,13.32,21.78,Rainy
468,1213,5,468,468,2023-12-23,2023,12,Q4,Spring,Saturday,False,Crop468,Wheat,Loam,Drip,Location468,28.61,18.28,5.96,Rainy
469,1234,5,469,469,2023-02-25,2023,2,Q1,Spring,Saturday,False,Crop469,Rice,Loam,Sprinkler,Location469,31.83,17.65,19.02,Cloudy
470,995,4,470,470,2023-01-29,2023,1,Q1,Summer,Sunday,False,Crop470,Rice,Loam,Sprinkler,Location470,30.33,8.23,5.23,Sunny
471,537,7,471,471,2023-07-14,2023,7,Q3,Spring,Friday,False,Crop471,Wheat,Clay,Sprinkler,Location471,31.86,7.43,7.64,Cloudy
472,519,1,472,472,2023-09-23,2023,9,Q3,Autumn,Saturday,True,Crop472,Rice,Clay,Sprinkler,Location472,21.6,2.44,13.3,Cloudy
473,616,0,473,473,2023-04-16,2023,4,Q2,Summer,Sunday,True,Crop473,Wheat,Loam,Drip,Location473,34.09,5.86,17.5,Rainy
474,1268,2,474,474,2023-07-23,2023,7,Q3,Autumn,Sunday,True,Crop474,Rice,Loam,Drip,Location474,22.43,2.57,10.05,Sunny
475,1124,3,475,475,2023-04-29,2023,4,Q2,Summer,Saturday,False,Crop475,Wheat,Loam,Drip,Location475,29.66,2.14,18.33,Cloudy
476,825,6,476,476,2023-09-19,2023,9,Q3,Spring,Tuesday,False,Crop476,Wheat,Clay,Drip,Location476,22.15,3.43,8.4,Sunny
477,619,4,477,477,2023-02-22,2023,2,Q1,Summer,Wednesday,True,Crop477,Wheat,Loam,Sprinkler,Location477,30.34,6.73,5.48,Cloudy
478,1054,8,478,478,2023-07-22,2023,7,Q3,Autumn,Saturday,False,Crop478,Rice,Loam,Sprinkler,Location478,33.05,15.01,22.11,Cloudy
479,1464,3,479,479,2023-11-17,2023,11,Q4,Spring,Friday,False,Crop479,Rice,Loam,Drip,Location479,31.71,4.02,22.32,Cloudy
480,560,1,480,480,2023-07-08,2023,7,Q3,Spring,Saturday,False,Crop480,Rice,Clay,Drip,Location480,32.21,17.39,21.21,Cloudy
481,1249,8,481,481,2023-12-20,2023,12,Q4,Autumn,Wednesday,True,Crop481,Rice,Loam,Sprinkler,Location481,30.67,18.88,16.3,Rainy
482,1280,2,482,482,2023-09-24,2023,9,Q3,Spring,Sunday,True,Crop482,Rice,Clay,Drip,Location482,34.23,17.75,9.68,Rainy
483,894,2,483,483,2023-10-14,2023,10,Q4,Summer,Saturday,False,Crop483,Rice,Clay,Sprinkler,Location483,20.61,2.57,13.69,Sunny
484,1068,8,484,484,2023-10-13,2023,10,Q4,Autumn,Friday,False,Crop484,Wheat,Loam,Drip,Location484,22.0,10.65,13.17,Cloudy
485,1230,6,485,485,2023-02-18,2023,2,Q1,Summer,Saturday,False,Crop485,Wheat,Clay,Drip,Location485,33.33,10.97,6.87,Sunny
486,1042,0,486,486,2023-11-06,2023,11,Q4,Autumn,Monday,True,Crop486,Rice,Clay,Sprinkler,Location486,34.01,2.03,19.75,Rainy
487,564,6,487,487,2023-10-26,2023,10,Q4,Winter,Thursday,False,Crop487,Wheat,Loam,Drip,Location487,30.6,4.98,16.78,Sunny
488,801,5,488,488,2023-12-19,2023,12,Q4,Winter,Tuesday,False,Crop488,Rice,Loam,Drip,Location488,20.4,7.51,18.34,Sunny
489,1343,0,489,489,2023-02-11,2023,2,Q1,Winter,Saturday,True,Crop489,Wheat,Clay,Sprinkler,Location489,23.34,6.59,17.28,Sunny
490,731,9,490,490,2023-07-03,2023,7,Q3,Autumn,Monday,True,Crop490,Rice,Clay,Sprinkler,Location490,30.79,4.82,5.54,Cloudy
491,1308,6,491,491,2023-11-03,2023,11,Q4,Summer,Friday,False,Crop491,Rice,Clay,Drip,Location491,26.92,11.51,18.69,Sunny
492,967,6,492,492,2023-06-06,2023,6,Q2,Spring,Tuesday,True,Crop492,Wheat,Clay,Drip,Location492,29.51,2.79,23.61,Sunny
493,1053,1,493,493,2023-06-24,2023,6,Q2,Spring,Saturday,True,Crop493,Rice,Clay,Drip,Location493,27.34,15.74,16.84,Rainy
494,1121,7,494,494,2023-06-07,2023,6,Q2,Winter,Wednesday,False,Crop494,Rice,Loam,Drip,Location494,22.6,9.5,5.61,Rainy
495,1012,6,495,495,2023-11-24,2023,11,Q4,Summer,Friday,False,Crop495,Rice,Loam,Sprinkler,Location495,24.94,14.94,17.3,Rainy
496,693,9,496,496,2023-01-24,2023,1,Q1,Winter,Tuesday,True,Crop496,Wheat,Clay,Drip,Location496,24.44,10.21,21.21,Rainy
497,882,9,497,497,2023-03-30,2023,3,Q1,Summer,Thursday,True,Crop497,Wheat,Clay,Drip,Location497,33.5,14.31,11.83,Sunny
498,700,2,498,498,2023-07-28,2023,7,Q3,Winter,Friday,False,Crop498,Rice,Clay,Drip,Location498,28.42,2.78,11.11,Cloudy
499,1428,2,499,499,2023-09-02,2023,9,Q3,Autumn,Saturday,False,Crop499,Rice,Loam,Sprinkler,Location499,22.84,2.69,8.34,Cloudy
500,650,2,500,500,2023-04-20,2023,4,Q2,Summer,Thursday,False,Crop500,Wheat,Loam,Sprinkler,Location500,23.6,11.78,16.94,Cloudy
