math_p1,math_p2,eng_p1,eng_p2,eng_p3,kisw_p1,kisw_p2,kisw_p3,chem_p1,chem_p2,chem_p3,bio_p1,bio_p2,bio_p3,phy_p1,phy_p2,phy_p3,learning_style,self_assessment,recommendations
83,73,33,75,60,57,52,25,76,38,28,63,47,33,49,60,31,kinesthetic,2,Join study group
98,51,22,65,57,23,69,55,20,52,20,28,59,30,20,40,25,kinesthetic,2,Study more
47,62,53,46,45,30,63,56,33,30,27,64,66,21,36,33,38,kinesthetic,1,Practice regularly
23,21,28,58,63,29,20,33,66,57,39,52,56,33,56,55,38,auditory,3,Ask questions
45,24,36,38,78,35,59,57,34,61,33,53,37,28,77,37,27,kinesthetic,5,Study more
66,49,40,48,70,40,38,47,32,22,28,44,61,26,27,65,24,visual,2,Join study group
80,71,22,36,63,33,60,40,78,40,35,58,70,36,33,73,22,kinesthetic,3,Join study group
49,89,58,42,77,27,60,25,22,59,36,43,20,31,42,25,28,kinesthetic,2,Join study group
89,21,33,34,44,47,31,64,48,42,25,61,23,27,65,27,30,visual,3,Practice regularly
86,68,25,76,78,26,79,44,37,50,38,31,66,37,68,63,35,visual,3,Study more
87,40,48,62,45,22,25,53,47,68,37,44,77,22,67,20,37,auditory,4,Study more
68,51,32,68,34,49,78,22,59,55,25,25,40,31,56,53,26,visual,3,Practice regularly
82,82,35,27,22,52,67,53,62,23,36,35,64,37,68,42,31,visual,3,Study more
81,40,37,30,23,45,77,52,73,62,34,76,71,37,61,64,25,kinesthetic,3,Study more
62,74,37,67,49,55,35,23,33,29,26,79,75,28,71,36,39,kinesthetic,1,Study more
35,93,26,67,43,56,22,70,76,32,27,26,74,30,29,28,26,kinesthetic,1,Study more
93,63,48,78,44,57,60,60,23,44,21,70,76,21,76,34,23,kinesthetic,2,Ask questions
65,97,23,27,73,32,66,29,58,64,21,29,56,30,35,37,26,visual,5,Join study group
37,97,38,65,46,57,69,32,21,43,30,23,22,38,63,77,27,visual,2,Study more
69,37,58,44,75,24,35,79,44,26,27,61,52,39,66,56,37,kinesthetic,3,Ask questions
20,52,45,61,62,28,70,37,63,35,27,31,44,39,34,22,33,kinesthetic,3,Practice regularly
28,81,24,69,23,51,70,74,32,25,39,69,76,31,66,33,20,auditory,2,Join study group
34,99,53,32,71,35,57,72,33,55,23,68,79,24,69,25,34,auditory,2,Study more
29,97,40,57,54,48,62,64,36,63,28,69,35,30,70,66,30,kinesthetic,4,Practice regularly
43,37,43,73,66,27,20,44,46,58,37,59,76,27,49,78,36,kinesthetic,3,Study more
90,91,31,44,47,28,42,63,50,43,20,49,30,28,29,33,27,visual,3,Study more
72,90,30,48,67,59,51,65,60,57,33,22,28,31,28,66,29,auditory,5,Practice regularly
32,21,48,65,64,59,25,30,40,46,22,68,54,31,56,44,31,auditory,2,Study more
61,80,50,41,65,50,47,31,54,20,35,70,28,37,33,69,21,visual,5,Practice regularly
33,29,24,60,30,43,74,26,42,45,31,52,42,34,41,40,23,auditory,5,Practice regularly
63,87,54,53,38,43,65,31,33,20,25,44,20,28,45,51,37,visual,4,Practice regularly
45,83,47,50,49,40,74,71,28,67,34,62,55,33,76,20,38,kinesthetic,5,Study more
66,94,54,52,62,25,43,38,73,60,36,62,59,28,62,41,31,auditory,3,Ask questions
69,28,55,61,57,27,56,41,22,66,20,47,44,20,21,27,39,auditory,1,Study more
22,85,54,48,28,56,22,66,23,43,32,44,34,36,74,35,37,auditory,3,Study more
82,48,58,67,57,24,39,31,40,42,30,59,26,27,36,65,31,kinesthetic,3,Practice regularly
54,57,47,29,75,26,40,72,27,39,32,37,35,21,77,38,36,visual,2,Ask questions
82,85,44,59,47,58,60,51,24,52,35,31,33,38,79,50,24,auditory,5,Study more
39,37,41,40,75,22,21,40,79,45,35,73,74,21,30,75,39,visual,1,Join study group
29,89,20,38,63,26,37,61,67,28,26,67,26,32,33,54,38,kinesthetic,3,Practice regularly
60,96,52,45,70,27,63,32,34,70,20,53,69,35,74,55,37,kinesthetic,3,Practice regularly
33,20,23,36,78,37,22,24,22,66,25,28,78,29,46,65,26,visual,5,Study more
82,31,45,72,36,33,62,26,75,79,20,61,24,27,40,28,24,visual,1,Study more
72,84,39,58,49,35,45,22,64,57,21,57,36,30,31,53,28,visual,4,Practice regularly
58,49,40,44,21,57,46,77,38,62,23,22,73,28,22,48,32,auditory,1,Study more
46,93,36,63,46,57,23,50,35,22,27,33,78,24,28,22,26,auditory,2,Join study group
86,67,54,23,62,27,68,56,66,51,35,43,68,21,21,69,23,auditory,1,Ask questions
59,76,22,45,33,27,30,44,55,77,22,51,29,35,67,21,38,kinesthetic,2,Join study group
96,62,56,23,75,37,75,39,70,49,27,25,71,37,61,52,24,auditory,4,Practice regularly
21,27,41,31,78,41,24,25,65,66,23,37,69,25,59,24,36,auditory,2,Ask questions
93,44,42,65,78,20,34,47,34,68,31,43,45,26,72,44,33,kinesthetic,4,Practice regularly
32,22,55,38,52,58,51,58,63,26,22,23,56,33,46,28,32,visual,3,Practice regularly
44,82,54,27,29,57,71,59,20,25,30,75,52,35,36,73,25,kinesthetic,4,Practice regularly
26,90,32,22,68,56,66,58,22,22,26,55,23,25,60,74,29,auditory,5,Practice regularly
65,95,31,72,77,29,75,52,22,47,26,66,48,39,67,47,26,kinesthetic,2,Join study group
77,63,39,32,47,52,25,50,32,53,23,38,61,30,38,42,27,kinesthetic,1,Join study group
36,39,54,34,38,59,22,39,68,71,24,21,69,38,77,49,25,kinesthetic,5,Ask questions
25,25,37,30,49,40,71,69,73,74,30,66,29,25,23,54,34,auditory,5,Ask questions
37,89,55,57,24,55,64,41,38,76,29,72,59,28,24,24,38,kinesthetic,2,Join study group
91,86,46,22,58,52,37,32,20,41,22,41,73,36,63,21,34,kinesthetic,3,Study more
30,53,47,35,54,24,56,63,40,48,38,76,51,38,52,25,24,visual,3,Study more
88,85,28,64,60,46,53,54,31,35,27,79,56,22,55,53,29,auditory,1,Ask questions
88,32,50,51,64,54,65,70,21,40,35,49,54,31,37,48,25,visual,5,Join study group
38,87,26,41,30,53,75,68,26,37,31,69,46,31,27,63,36,kinesthetic,1,Practice regularly
98,69,36,29,79,55,45,65,62,39,36,41,77,30,28,66,24,kinesthetic,1,Ask questions
73,57,54,49,68,44,70,43,38,65,22,50,70,26,76,58,33,kinesthetic,3,Ask questions
49,98,31,73,79,34,61,75,73,28,23,63,56,35,72,78,28,kinesthetic,2,Join study group
83,66,47,67,73,41,63,40,63,67,39,75,68,31,55,48,25,kinesthetic,1,Practice regularly
82,97,36,59,63,57,29,22,48,66,34,75,51,32,33,76,20,visual,5,Join study group
53,73,59,78,36,34,77,35,57,62,38,62,23,21,37,34,37,kinesthetic,3,Join study group
64,47,53,67,72,21,24,59,54,52,39,57,69,36,65,22,36,visual,5,Study more
79,20,33,29,60,56,45,27,49,58,30,29,37,24,45,32,39,visual,5,Study more
82,63,35,50,68,26,24,75,28,70,32,68,26,28,22,51,22,visual,3,Ask questions
63,22,50,64,78,45,69,46,36,61,38,33,67,35,48,73,35,auditory,2,Ask questions
84,23,45,74,33,28,35,29,49,60,23,75,44,32,46,72,24,kinesthetic,4,Study more
95,57,29,29,31,26,27,67,33,49,31,27,20,27,41,34,27,kinesthetic,5,Study more
37,30,36,36,75,40,57,52,60,67,36,71,42,35,45,49,21,auditory,5,Join study group
52,89,34,46,73,56,31,62,78,70,20,52,55,36,79,67,37,visual,2,Practice regularly
99,35,55,48,70,45,44,61,38,73,31,73,65,31,48,42,37,visual,3,Ask questions
92,98,49,66,41,54,30,76,48,28,38,33,63,26,71,67,31,auditory,1,Study more
81,69,31,35,35,57,32,62,25,26,30,54,26,39,68,76,35,auditory,3,Practice regularly
76,36,28,74,76,53,68,72,71,53,21,34,33,25,66,69,30,visual,3,Practice regularly
57,94,34,68,46,38,72,69,52,23,20,69,26,33,48,20,23,visual,2,Practice regularly
88,97,22,76,23,36,36,58,53,65,27,63,56,29,50,42,28,auditory,1,Join study group
66,68,38,73,26,42,22,76,77,36,28,44,20,35,24,24,34,auditory,4,Ask questions
25,23,54,26,79,41,76,73,32,42,37,66,39,26,79,39,35,visual,3,Join study group
99,36,59,53,39,25,20,23,59,45,29,46,68,26,68,40,32,kinesthetic,1,Ask questions
52,24,42,40,27,43,79,51,48,23,28,77,60,23,64,57,23,auditory,2,Ask questions
40,61,25,55,72,31,38,34,38,52,24,23,74,31,70,70,20,kinesthetic,3,Practice regularly
74,92,37,56,54,37,41,45,55,68,28,20,32,31,26,67,38,auditory,2,Ask questions
47,40,52,37,46,29,45,43,73,47,36,75,64,37,26,35,39,visual,2,Practice regularly
28,97,25,37,41,48,24,49,37,74,21,71,40,22,33,58,34,kinesthetic,4,Study more
26,84,58,28,52,49,58,38,23,48,25,54,68,38,28,45,28,kinesthetic,4,Join study group
36,26,42,21,48,58,33,23,37,59,36,42,45,39,36,54,33,visual,3,Study more
66,52,43,64,48,50,75,60,56,70,20,51,77,25,23,79,37,kinesthetic,1,Practice regularly
45,80,50,49,48,51,52,37,27,29,24,40,64,25,66,77,22,kinesthetic,4,Join study group
88,71,35,78,63,47,30,75,54,69,22,35,39,24,49,37,28,auditory,5,Practice regularly
98,87,42,76,63,40,26,70,27,68,31,75,53,22,52,27,29,kinesthetic,3,Ask questions
37,75,42,59,72,38,62,69,43,59,24,54,58,25,53,42,28,auditory,5,Study more
82,57,56,69,29,36,42,67,65,21,29,73,79,31,52,42,24,visual,4,Ask questions
46,67,54,36,51,24,55,38,54,41,22,68,68,24,76,22,22,kinesthetic,2,Ask questions
25,30,24,38,43,47,56,36,54,37,24,50,56,33,58,56,24,visual,5,Ask questions
41,50,42,38,31,37,39,35,48,54,22,68,47,28,27,57,23,auditory,5,Study more
61,92,33,75,53,32,62,26,51,54,30,31,57,31,49,44,31,auditory,4,Study more
28,57,46,79,22,25,36,76,36,60,32,64,75,28,57,51,37,kinesthetic,4,Ask questions
22,32,45,20,36,24,31,22,23,38,26,59,63,27,43,46,37,visual,2,Ask questions
68,72,31,77,67,41,32,47,31,67,35,74,48,30,21,77,20,visual,4,Practice regularly
49,51,32,62,65,53,30,72,33,32,24,49,56,24,44,74,21,visual,2,Practice regularly
36,65,33,59,26,48,20,35,28,54,25,65,71,26,79,79,34,kinesthetic,5,Ask questions
27,31,28,56,67,51,22,23,36,26,30,40,28,29,46,52,34,auditory,3,Ask questions
34,23,29,28,28,48,71,75,62,21,22,72,30,39,72,57,28,kinesthetic,1,Practice regularly
20,85,36,78,35,29,35,38,50,61,25,60,51,34,38,73,29,visual,3,Practice regularly
32,26,29,63,79,59,31,58,64,67,26,69,58,26,79,65,37,auditory,5,Study more
99,44,37,29,33,20,58,40,32,31,34,62,56,28,47,23,24,kinesthetic,1,Practice regularly
72,23,53,45,59,21,56,47,69,47,36,24,77,31,38,36,36,visual,1,Ask questions
70,32,47,74,26,53,44,40,78,60,30,49,76,34,52,56,29,visual,1,Join study group
89,69,43,25,41,55,57,72,73,54,24,26,36,25,33,33,37,visual,3,Practice regularly
69,69,26,73,66,52,71,61,72,24,30,65,26,25,20,76,35,kinesthetic,4,Practice regularly
95,59,34,69,37,58,47,59,43,39,29,48,70,33,41,69,32,visual,1,Study more
93,24,44,72,57,37,35,29,38,63,33,31,46,23,48,23,39,visual,1,Ask questions
70,31,48,50,36,24,33,49,26,46,23,51,38,24,69,38,21,kinesthetic,1,Practice regularly
61,94,55,29,30,46,20,36,29,30,23,39,50,30,64,56,34,kinesthetic,4,Join study group
30,36,58,37,76,41,68,51,28,71,36,65,36,27,43,51,28,visual,2,Practice regularly
73,26,22,22,63,43,50,29,20,22,20,34,49,38,37,53,30,auditory,3,Ask questions
81,34,55,60,55,29,64,58,53,59,28,30,77,36,60,39,32,visual,1,Join study group
64,84,36,76,27,59,21,23,35,66,21,67,33,20,20,34,28,kinesthetic,5,Study more
73,93,36,46,44,40,75,37,62,26,32,58,26,24,37,51,23,kinesthetic,2,Join study group
41,69,39,76,54,47,70,25,35,68,22,69,63,25,30,67,24,kinesthetic,1,Ask questions
84,37,50,54,35,55,77,77,24,50,27,28,33,31,44,40,32,auditory,4,Join study group
96,75,28,59,60,53,29,72,64,74,30,63,79,29,39,56,21,auditory,1,Practice regularly
84,67,44,51,30,57,78,35,77,32,24,40,51,21,67,62,25,visual,3,Practice regularly
50,56,39,76,38,32,27,54,55,45,26,33,78,37,27,30,25,auditory,5,Practice regularly
48,91,37,25,40,48,59,52,54,38,29,68,21,28,60,74,29,kinesthetic,4,Practice regularly
56,46,24,38,78,26,39,65,22,28,38,63,20,22,25,77,29,kinesthetic,5,Practice regularly
35,61,56,54,52,43,57,44,79,71,39,54,35,34,76,44,27,kinesthetic,2,Study more
23,45,55,60,34,32,63,60,42,42,39,78,35,39,47,24,29,kinesthetic,4,Study more
20,30,20,34,78,58,44,25,28,29,24,36,41,32,66,33,20,kinesthetic,5,Ask questions
51,89,35,72,38,34,21,75,51,52,30,26,33,22,67,76,23,visual,4,Study more
59,64,41,41,55,59,63,58,45,67,24,34,70,27,43,57,34,kinesthetic,3,Ask questions
25,47,31,68,73,35,32,38,39,34,27,65,73,22,62,29,23,visual,2,Study more
21,36,41,38,67,55,47,79,50,54,28,30,60,22,43,32,31,visual,4,Join study group
88,54,45,24,78,54,67,71,42,43,39,53,45,36,41,67,30,visual,5,Study more
57,77,24,75,76,57,74,65,44,51,37,24,47,36,62,46,36,auditory,4,Study more
28,96,34,35,22,31,72,44,65,25,26,61,72,31,57,39,35,visual,3,Ask questions
42,49,54,47,43,48,66,55,64,61,25,40,75,25,20,79,21,visual,4,Ask questions
74,84,53,39,75,51,24,72,41,64,34,70,21,38,63,78,31,visual,3,Study more
53,47,28,52,24,32,21,35,28,59,24,49,69,37,22,78,26,auditory,4,Study more
99,84,21,78,51,57,60,59,60,58,29,55,75,38,47,52,37,visual,2,Study more
89,73,30,45,31,32,73,74,64,64,37,75,70,27,46,29,33,auditory,1,Practice regularly
71,48,56,20,43,39,36,65,47,62,34,28,70,33,46,40,36,visual,3,Practice regularly
51,28,49,49,54,29,33,49,49,21,30,72,35,25,55,65,20,auditory,4,Ask questions
71,24,21,32,47,45,74,69,47,59,27,27,45,36,75,55,39,kinesthetic,4,Join study group
58,61,34,54,33,48,62,58,54,67,33,78,43,22,41,45,29,visual,3,Study more
46,32,57,34,25,57,71,34,50,22,32,73,24,34,33,31,30,auditory,2,Practice regularly
80,76,56,25,74,44,62,78,64,39,34,63,47,26,64,37,38,kinesthetic,2,Join study group
64,26,25,71,53,57,40,34,50,29,30,38,55,23,47,37,35,visual,1,Practice regularly
76,50,35,55,71,35,47,25,25,66,29,31,66,23,23,21,30,auditory,1,Practice regularly
55,65,51,58,34,21,28,37,55,47,22,52,41,39,67,38,34,auditory,2,Study more
53,55,39,62,61,24,35,36,40,49,22,74,63,36,65,21,37,auditory,3,Study more
26,21,34,43,20,24,40,62,75,45,27,67,66,38,21,42,29,visual,4,Ask questions
65,80,28,34,20,42,65,70,21,41,34,42,42,30,35,31,34,kinesthetic,2,Ask questions
38,40,29,51,41,35,76,51,24,43,27,37,27,29,35,75,38,auditory,4,Ask questions
93,43,35,58,48,22,70,62,61,45,24,69,72,24,69,24,27,visual,4,Practice regularly
93,59,35,71,34,55,61,73,73,57,25,75,67,38,40,48,30,kinesthetic,4,Study more
70,79,25,73,67,36,66,28,60,32,20,32,41,26,66,59,32,kinesthetic,2,Ask questions
20,33,20,33,63,20,48,32,24,22,32,76,78,27,35,62,25,kinesthetic,4,Join study group
56,42,33,45,24,58,61,39,74,52,39,31,61,30,44,40,30,visual,4,Study more
34,94,21,63,55,57,56,25,30,58,20,55,22,23,44,43,21,kinesthetic,2,Study more
99,58,30,67,48,49,63,66,75,47,21,52,49,20,76,44,26,auditory,2,Ask questions
35,57,22,42,47,57,73,72,27,63,39,29,26,27,38,47,31,visual,3,Join study group
27,48,42,66,46,58,59,42,61,49,36,33,52,31,48,66,23,kinesthetic,1,Ask questions
59,50,20,71,44,27,35,40,36,41,26,29,71,31,29,67,22,kinesthetic,1,Practice regularly
54,31,52,73,28,46,47,78,46,33,33,66,71,37,61,39,37,auditory,4,Ask questions
77,78,42,35,48,27,45,49,71,72,34,42,37,29,62,20,28,visual,1,Study more
52,75,34,43,75,51,50,43,23,42,24,28,65,21,57,20,20,visual,1,Study more
28,36,36,52,50,27,52,53,32,66,26,45,51,24,67,21,35,auditory,4,Practice regularly
58,67,31,57,41,23,33,72,45,45,36,79,54,33,50,52,25,visual,4,Practice regularly
55,20,21,40,71,29,43,57,28,78,34,62,47,22,61,29,30,kinesthetic,1,Ask questions
73,83,29,29,70,53,55,44,29,21,25,37,71,33,61,45,24,visual,3,Ask questions
23,21,53,65,36,46,74,46,72,45,29,78,67,28,42,28,36,kinesthetic,4,Study more
93,89,23,68,33,45,68,45,46,28,24,36,71,39,50,44,23,visual,4,Ask questions
52,98,42,64,79,33,71,33,63,65,34,50,65,34,35,78,30,auditory,1,Join study group
68,27,20,67,30,40,21,77,47,24,35,65,35,25,79,75,21,auditory,4,Ask questions
67,72,54,78,52,58,40,79,70,20,30,64,55,35,77,30,35,auditory,3,Study more
80,40,54,26,53,59,22,40,45,79,28,59,44,36,34,58,31,visual,1,Join study group
74,65,50,29,79,35,44,60,43,72,36,51,22,27,49,28,23,visual,5,Study more
57,66,48,79,42,48,42,46,57,53,20,53,76,28,31,36,36,kinesthetic,1,Join study group
96,63,25,54,50,22,28,36,71,52,31,37,24,28,34,70,20,kinesthetic,5,Practice regularly
22,67,41,64,24,48,79,50,63,77,26,28,77,24,39,28,32,auditory,2,Study more
20,71,39,22,57,58,73,45,79,36,27,22,26,21,49,62,28,auditory,1,Ask questions
31,85,59,63,32,21,30,50,50,33,33,33,57,31,65,60,35,kinesthetic,5,Join study group
71,56,20,63,36,37,63,53,47,30,31,70,45,22,31,46,27,kinesthetic,3,Ask questions
37,24,23,64,75,56,38,46,67,25,24,68,38,33,66,40,24,kinesthetic,5,Join study group
67,24,26,25,63,39,65,67,25,67,31,24,30,31,47,22,20,kinesthetic,1,Study more
61,88,20,23,75,20,50,75,78,49,26,31,71,31,36,32,22,auditory,3,Ask questions
62,24,52,79,74,32,74,54,53,32,27,54,54,36,68,35,31,auditory,1,Ask questions
38,93,54,21,78,34,30,66,68,64,26,37,48,37,73,33,29,auditory,3,Practice regularly
67,50,58,41,64,45,55,78,32,37,35,62,57,23,25,47,38,visual,4,Ask questions
32,31,33,60,46,43,48,65,64,49,26,70,76,25,20,61,23,auditory,5,Ask questions
96,92,27,47,68,58,51,72,70,43,25,67,46,29,53,73,20,kinesthetic,1,Practice regularly
50,84,50,29,43,36,58,37,61,75,26,71,49,34,21,53,32,auditory,3,Study more
41,20,52,24,58,51,35,59,31,39,32,44,70,33,52,78,35,visual,5,Ask questions
89,32,52,43,40,33,77,30,43,72,25,60,28,20,40,58,21,visual,4,Join study group
72,62,29,77,36,54,38,43,55,41,21,39,43,31,23,50,31,kinesthetic,4,Study more
34,92,41,35,57,44,45,59,65,46,37,26,74,30,37,63,22,visual,5,Study more
79,27,37,28,55,53,70,65,35,75,34,62,35,29,70,77,37,kinesthetic,1,Join study group
96,89,41,29,34,56,61,73,56,25,31,26,59,29,70,76,20,visual,3,Ask questions
68,94,33,72,65,57,50,36,62,51,38,23,56,22,53,33,38,visual,2,Practice regularly
75,78,48,60,62,26,56,26,49,27,36,31,49,22,27,27,39,auditory,1,Practice regularly
66,44,27,21,62,48,74,22,70,28,27,33,37,25,70,23,21,kinesthetic,5,Study more
20,23,46,54,36,56,78,34,59,45,32,42,52,37,45,61,22,auditory,2,Ask questions
80,22,28,70,79,38,53,64,37,71,35,25,74,38,74,59,29,kinesthetic,4,Ask questions
92,45,22,46,65,40,42,20,41,36,33,37,21,33,20,23,38,kinesthetic,1,Practice regularly
40,50,33,67,53,45,57,51,62,45,26,26,68,38,40,48,31,auditory,5,Join study group
82,21,31,66,47,34,62,79,29,55,37,66,20,26,35,48,31,kinesthetic,3,Practice regularly
69,20,27,34,41,39,37,52,65,29,23,51,23,36,67,46,29,visual,5,Study more
58,73,37,47,58,39,50,34,76,48,38,39,26,30,68,57,25,kinesthetic,3,Ask questions
88,42,56,22,30,29,61,68,22,57,30,64,22,27,73,46,32,visual,1,Join study group
99,70,59,66,38,20,42,69,27,78,34,76,57,39,50,47,22,kinesthetic,4,Ask questions
96,81,38,64,69,54,49,31,42,27,26,53,27,20,31,33,39,visual,4,Study more
95,56,55,28,28,25,59,37,76,64,37,21,52,37,60,23,30,visual,3,Study more
37,43,56,78,52,37,31,70,42,64,30,78,35,25,20,65,34,auditory,4,Practice regularly
62,46,32,32,60,20,50,23,47,38,36,70,70,28,55,23,35,auditory,1,Study more
86,42,43,37,22,56,62,57,78,47,30,72,45,38,49,58,20,kinesthetic,4,Study more
95,34,55,52,22,58,23,67,29,78,21,71,52,26,76,36,23,kinesthetic,4,Join study group
44,77,32,63,79,30,76,56,41,25,28,22,43,34,77,73,37,kinesthetic,2,Study more
60,94,41,32,77,46,45,24,55,20,31,51,48,28,45,49,35,kinesthetic,1,Practice regularly
64,86,45,49,74,48,28,24,76,73,33,66,46,22,29,32,38,auditory,4,Practice regularly
79,20,40,63,22,31,78,33,60,24,37,27,77,38,25,58,38,kinesthetic,1,Ask questions
57,73,51,48,72,37,33,55,35,78,20,61,40,28,48,66,37,kinesthetic,1,Join study group
54,66,41,69,42,25,30,50,49,73,37,46,55,30,28,33,34,visual,4,Study more
33,44,39,36,40,28,58,48,49,38,27,30,47,24,32,54,33,auditory,5,Join study group
71,59,51,43,47,30,33,29,65,53,26,62,55,35,60,41,23,auditory,3,Ask questions
35,93,43,59,51,52,78,51,63,38,30,23,74,36,39,70,38,visual,2,Ask questions
24,52,26,74,59,28,62,26,23,58,22,45,27,33,65,22,35,auditory,2,Practice regularly
66,68,57,26,70,20,76,28,56,70,28,78,48,21,66,20,22,auditory,2,Practice regularly
46,79,37,65,60,56,29,39,30,48,33,42,79,30,28,30,32,visual,1,Join study group
93,52,33,54,56,29,24,70,63,72,23,73,22,22,58,77,37,kinesthetic,2,Ask questions
51,35,56,21,27,40,34,51,79,54,21,38,49,28,35,50,31,auditory,5,Study more
88,46,40,23,59,30,70,24,26,38,34,33,31,27,65,34,33,kinesthetic,3,Study more
56,23,26,52,70,36,70,29,43,36,31,34,50,29,53,24,32,auditory,2,Study more
86,46,29,35,26,35,26,27,31,56,36,31,39,31,46,27,36,auditory,3,Join study group
74,65,49,64,35,47,27,58,20,71,32,69,25,39,67,72,34,auditory,2,Join study group
88,68,21,67,23,26,31,78,39,48,35,57,40,23,23,54,31,visual,2,Join study group
40,75,24,55,44,57,40,69,27,78,28,27,24,39,58,55,21,visual,5,Join study group
64,67,59,46,72,21,46,65,67,20,24,56,60,27,33,46,21,visual,2,Join study group
72,86,38,52,75,56,60,49,51,63,32,28,35,37,41,23,22,auditory,4,Ask questions
91,46,35,31,26,49,71,71,23,78,25,36,71,38,79,28,33,auditory,1,Practice regularly
49,39,48,63,58,35,46,45,50,36,29,47,45,26,28,66,32,auditory,1,Join study group
82,55,50,57,51,53,22,47,22,29,28,71,59,21,50,57,24,auditory,3,Join study group
69,56,53,36,61,50,38,71,65,51,36,49,20,33,32,60,28,kinesthetic,5,Join study group
28,34,46,26,24,58,37,63,50,59,39,42,74,29,50,73,30,kinesthetic,3,Join study group
39,59,35,49,32,39,34,72,64,28,39,25,24,36,51,74,25,auditory,5,Practice regularly
66,91,47,22,75,28,55,77,78,63,29,29,37,20,32,51,27,visual,1,Ask questions
48,57,47,69,21,41,64,72,43,55,26,58,32,22,53,49,37,visual,1,Join study group
77,94,27,38,28,48,69,40,39,54,26,52,44,35,77,51,24,visual,3,Ask questions
35,47,37,66,63,40,20,50,47,72,38,30,51,37,44,74,20,kinesthetic,2,Study more
85,50,33,51,25,24,61,43,58,74,33,61,63,24,74,54,33,auditory,5,Practice regularly
52,61,36,58,59,21,67,48,65,59,33,24,41,35,70,56,20,kinesthetic,2,Ask questions
35,55,21,77,70,49,53,54,45,52,39,24,69,24,67,62,23,visual,4,Study more
74,98,26,47,41,24,36,71,76,60,23,28,69,38,26,29,33,auditory,5,Join study group
91,96,21,64,46,29,68,67,57,62,24,26,67,23,22,75,25,kinesthetic,1,Study more
56,58,32,75,25,39,22,22,40,64,33,75,56,27,71,40,32,kinesthetic,1,Practice regularly
30,20,55,71,75,26,78,74,29,35,34,37,45,31,51,24,29,visual,5,Study more
29,82,45,75,54,49,79,22,39,28,38,21,61,32,68,20,22,visual,4,Ask questions
26,67,32,27,35,32,43,24,74,21,26,29,31,38,23,37,33,auditory,3,Study more
80,21,31,52,79,20,74,48,40,58,33,50,62,22,66,40,27,kinesthetic,4,Practice regularly
54,53,25,23,63,43,57,44,27,61,30,51,32,24,75,31,39,kinesthetic,2,Ask questions
94,44,54,31,47,32,44,36,42,69,30,61,58,20,22,77,39,kinesthetic,2,Practice regularly
87,94,22,23,72,54,55,42,44,20,32,24,39,33,63,28,23,visual,1,Join study group
33,23,27,30,57,47,63,75,29,67,29,57,66,39,65,72,27,visual,1,Study more
40,47,45,26,78,36,53,59,33,73,20,27,49,36,23,79,36,auditory,1,Practice regularly
77,85,41,21,46,49,62,52,66,55,29,35,37,35,31,66,35,visual,2,Practice regularly
45,88,40,72,46,55,23,60,54,57,27,53,44,36,58,61,34,visual,3,Study more
61,67,25,23,56,56,76,73,70,30,36,51,57,31,73,25,34,kinesthetic,2,Study more
85,51,29,20,68,50,53,66,49,45,31,56,38,21,72,78,38,auditory,3,Study more
32,81,46,28,73,44,73,78,52,45,23,23,62,27,73,20,30,kinesthetic,4,Practice regularly
37,33,29,31,78,41,53,40,28,40,38,63,43,31,29,58,36,visual,3,Ask questions
66,95,40,78,36,30,34,26,25,22,26,25,20,25,45,44,36,visual,1,Study more
66,40,42,47,37,59,67,69,39,53,29,58,51,39,57,63,38,kinesthetic,4,Practice regularly
55,46,42,68,57,56,53,39,31,21,31,62,75,36,76,65,30,kinesthetic,1,Study more
38,76,52,62,30,56,47,61,57,29,27,22,79,32,54,38,39,kinesthetic,3,Ask questions
56,95,51,67,75,53,22,60,79,64,25,34,34,27,43,40,22,visual,2,Ask questions
94,61,47,29,69,38,73,20,47,23,22,53,41,20,61,26,23,visual,2,Ask questions
30,83,25,75,50,59,75,76,28,32,26,38,66,33,33,39,27,auditory,4,Ask questions
82,63,39,79,66,47,34,34,62,61,23,22,37,21,20,60,27,kinesthetic,2,Ask questions
96,56,40,78,75,37,76,59,42,35,24,21,37,39,48,33,36,visual,3,Ask questions
76,28,50,48,64,33,36,78,68,70,31,25,54,38,45,28,38,visual,2,Study more
52,96,26,73,61,39,78,46,46,74,29,69,51,31,23,30,25,auditory,3,Practice regularly
85,75,47,53,63,59,79,25,36,65,28,23,60,34,58,56,39,kinesthetic,4,Study more
87,23,49,60,52,25,71,46,50,41,35,26,77,21,57,47,29,kinesthetic,1,Ask questions
70,30,54,40,41,44,70,78,67,55,28,59,35,33,56,74,30,visual,5,Study more
71,38,51,56,20,21,53,23,59,36,30,42,30,24,53,27,35,auditory,3,Practice regularly
82,32,32,40,24,50,60,43,68,37,24,49,24,38,30,23,27,kinesthetic,5,Practice regularly
22,65,59,69,58,23,72,63,57,29,20,62,55,26,42,34,21,kinesthetic,3,Practice regularly
93,39,54,74,43,31,20,65,54,71,37,23,32,34,65,56,27,kinesthetic,4,Practice regularly
34,41,45,26,46,33,41,61,38,74,21,68,59,23,30,23,30,kinesthetic,5,Practice regularly
63,82,20,54,30,35,65,22,67,57,26,46,44,20,51,43,31,auditory,4,Join study group
66,25,23,49,21,33,30,46,40,24,39,24,45,23,79,66,28,auditory,1,Join study group
34,83,27,47,41,38,55,35,36,30,20,56,28,28,26,20,22,auditory,2,Practice regularly
78,70,26,56,33,28,23,26,37,78,38,38,33,39,30,70,29,auditory,2,Ask questions
49,94,47,26,58,43,71,52,50,68,25,50,47,26,31,53,36,auditory,4,Study more
38,72,44,35,43,33,79,24,36,34,39,50,76,31,35,25,26,auditory,4,Ask questions
94,92,51,56,73,49,57,75,41,50,34,74,47,30,48,45,34,kinesthetic,4,Practice regularly
85,66,40,21,20,40,30,74,66,26,29,23,66,29,35,64,39,auditory,4,Ask questions
57,87,47,60,61,35,46,67,48,67,27,21,65,24,70,63,39,kinesthetic,1,Join study group
33,92,36,23,31,45,60,60,77,22,23,62,58,27,54,64,33,kinesthetic,2,Study more
41,88,43,53,28,33,42,38,56,55,33,28,54,20,70,25,23,auditory,3,Ask questions
78,43,37,79,32,37,36,23,20,70,29,76,27,26,43,43,25,visual,5,Ask questions
57,54,35,68,26,57,31,26,30,20,28,49,41,22,22,35,39,kinesthetic,3,Study more
35,20,53,40,51,27,70,46,60,77,30,23,49,33,42,49,23,kinesthetic,5,Practice regularly
73,55,59,55,66,48,79,24,20,46,22,69,24,21,47,52,32,kinesthetic,2,Join study group
44,65,36,36,45,52,48,56,55,72,24,61,35,36,33,77,37,auditory,4,Ask questions
93,33,51,77,73,22,62,55,56,41,20,55,74,30,55,60,34,kinesthetic,4,Join study group
99,97,38,32,28,22,62,79,22,42,20,32,79,32,38,25,30,kinesthetic,4,Join study group
55,96,24,62,33,59,47,32,69,78,30,34,36,36,21,37,22,auditory,1,Practice regularly
67,55,28,21,72,49,76,66,71,51,36,32,46,33,40,78,31,kinesthetic,5,Study more
87,24,55,61,72,56,79,31,72,29,29,28,60,29,61,63,22,visual,3,Practice regularly
75,82,41,25,25,29,41,78,76,56,24,45,48,32,38,25,28,auditory,3,Study more
36,65,20,23,25,33,34,23,78,24,28,78,64,22,37,54,30,visual,2,Study more
58,97,52,58,44,41,57,63,47,69,36,46,56,38,65,60,24,kinesthetic,1,Ask questions
73,50,27,66,63,45,46,69,25,44,24,28,63,28,68,54,33,auditory,4,Join study group
91,22,45,36,61,21,44,31,20,63,29,26,36,30,78,47,26,visual,1,Study more
39,99,33,55,70,28,58,66,50,78,25,55,35,35,25,29,27,auditory,2,Study more
51,95,47,28,75,28,70,54,29,78,20,58,58,26,64,60,38,kinesthetic,5,Ask questions
71,49,51,21,78,44,69,54,66,66,30,61,79,30,76,31,37,auditory,2,Practice regularly
64,96,22,42,47,44,38,50,27,65,32,27,69,39,53,22,37,auditory,2,Join study group
92,43,46,68,58,20,38,54,58,77,28,64,33,39,73,50,21,visual,3,Practice regularly
96,87,58,38,69,47,60,27,37,60,25,78,57,33,32,33,34,visual,1,Practice regularly
60,65,32,52,41,59,76,33,36,54,31,39,61,32,58,45,39,kinesthetic,2,Practice regularly
35,90,57,39,37,54,47,22,35,65,25,42,67,36,32,48,31,visual,4,Join study group
60,59,42,28,78,55,71,62,26,75,20,56,35,24,34,30,26,kinesthetic,1,Ask questions
44,69,44,37,58,49,47,45,37,49,30,71,53,27,39,49,33,auditory,4,Practice regularly
86,65,21,78,34,29,31,28,76,67,38,70,26,26,34,21,21,auditory,1,Ask questions
40,56,58,50,58,46,61,75,58,29,37,66,75,24,39,75,32,kinesthetic,2,Ask questions
22,24,22,73,40,48,78,34,57,48,31,53,78,22,54,32,32,visual,2,Study more
36,24,41,24,21,50,75,70,28,79,23,48,55,28,74,49,28,auditory,5,Join study group
23,76,25,46,76,47,64,65,21,45,25,32,44,28,62,60,39,auditory,5,Practice regularly
74,86,33,21,39,24,51,23,68,34,20,70,73,23,57,62,31,kinesthetic,2,Join study group
74,96,43,28,40,26,76,25,66,54,29,51,59,21,34,20,21,auditory,1,Study more
41,68,45,34,59,41,27,43,50,40,21,77,66,37,76,44,31,auditory,5,Join study group
75,22,25,66,38,20,70,69,66,65,24,70,65,28,55,55,23,kinesthetic,5,Join study group
90,59,39,65,49,59,27,24,74,56,33,56,66,37,77,73,23,visual,3,Practice regularly
51,98,50,46,34,46,42,59,24,26,29,47,71,29,29,36,37,auditory,4,Ask questions
61,59,34,78,74,21,54,52,32,67,33,40,20,29,42,40,24,auditory,2,Study more
29,76,39,57,29,32,74,63,48,35,39,46,40,21,73,22,30,kinesthetic,5,Join study group
62,49,43,34,28,32,61,31,41,61,31,79,52,29,28,78,36,visual,4,Ask questions
23,54,51,32,30,50,46,26,69,71,32,77,78,20,51,79,35,auditory,3,Join study group
77,21,22,46,65,53,31,52,40,41,27,53,40,27,52,49,37,auditory,5,Study more
72,47,53,32,68,55,35,28,38,76,20,25,31,34,57,36,24,kinesthetic,4,Join study group
79,83,22,42,66,40,26,68,27,24,27,72,59,28,68,62,35,kinesthetic,2,Practice regularly
41,40,55,60,45,37,39,70,79,40,29,69,61,21,70,43,28,auditory,1,Practice regularly
66,37,56,72,43,59,74,29,51,55,34,76,73,27,47,70,31,visual,4,Ask questions
39,29,45,36,33,53,72,68,30,75,23,75,30,37,60,27,35,auditory,4,Join study group
34,36,36,43,23,23,34,55,42,78,33,74,35,21,45,76,29,visual,5,Join study group
49,93,55,55,20,37,49,47,22,25,22,43,76,30,72,63,32,visual,4,Ask questions
53,78,58,76,65,41,71,32,22,55,20,68,35,32,79,56,31,kinesthetic,5,Study more
76,69,46,65,49,41,55,23,25,48,22,60,55,39,37,41,26,kinesthetic,5,Join study group
39,67,36,47,46,27,23,62,44,44,24,30,20,21,52,51,33,auditory,4,Study more
86,72,25,37,78,39,33,42,24,58,24,22,67,29,28,26,29,auditory,3,Study more
75,41,58,61,31,20,20,32,21,30,25,56,55,34,71,36,26,visual,4,Study more
61,44,55,50,20,59,41,25,26,34,29,33,28,36,52,59,28,visual,3,Practice regularly
66,38,58,64,65,20,39,36,33,25,30,43,43,21,56,52,23,auditory,4,Ask questions
49,66,31,38,53,20,44,74,55,29,24,75,42,35,66,29,26,visual,1,Practice regularly
51,25,25,78,20,22,69,61,32,28,25,45,45,39,20,57,29,kinesthetic,4,Practice regularly
83,38,46,44,44,47,44,72,36,72,33,54,47,20,52,39,38,visual,5,Join study group
79,77,48,34,47,29,52,21,64,41,23,51,49,28,68,67,37,kinesthetic,4,Ask questions
88,53,27,44,33,49,56,70,60,51,33,46,43,39,75,50,32,visual,3,Join study group
99,36,32,76,24,37,70,29,36,68,33,77,53,20,46,24,28,visual,2,Join study group
88,23,49,67,68,50,50,78,66,26,25,35,22,28,68,72,27,kinesthetic,5,Study more
48,95,55,22,70,58,31,20,27,65,29,66,44,30,66,60,23,visual,5,Practice regularly
89,25,52,68,32,27,78,56,70,61,38,36,48,26,43,70,35,kinesthetic,1,Practice regularly
35,80,56,36,33,32,25,42,30,78,38,34,75,37,42,30,22,kinesthetic,5,Practice regularly
90,20,46,78,50,35,45,48,54,69,39,54,52,23,56,72,37,auditory,4,Practice regularly
91,25,39,79,29,56,31,42,20,66,21,26,61,25,47,50,33,auditory,4,Study more
32,60,49,35,59,30,41,63,37,61,29,72,46,39,74,79,35,visual,5,Study more
39,49,50,24,31,39,47,23,24,37,26,46,45,26,71,53,34,visual,1,Practice regularly
57,95,24,27,42,41,72,33,75,55,20,56,55,30,34,59,21,kinesthetic,5,Practice regularly
28,84,45,28,38,30,24,66,49,20,34,39,23,22,79,67,38,kinesthetic,1,Study more
28,79,59,33,74,24,78,72,59,33,34,37,78,32,32,23,35,visual,1,Practice regularly
35,88,36,44,31,39,73,65,43,38,36,46,73,25,36,52,28,kinesthetic,3,Join study group
37,20,59,79,40,26,67,64,74,39,20,24,70,35,48,29,39,visual,2,Study more
82,82,27,30,54,51,46,29,44,50,37,69,64,35,40,74,33,visual,4,Study more
94,95,44,49,22,54,29,60,73,66,30,41,66,35,25,24,37,visual,1,Join study group
84,59,39,24,72,51,44,33,67,52,22,40,47,33,42,38,23,auditory,3,Study more
89,30,50,24,41,47,49,47,70,49,24,74,52,30,71,23,38,auditory,3,Study more
49,88,23,76,67,21,43,74,29,54,24,52,63,35,60,76,30,kinesthetic,2,Study more
59,69,24,37,74,47,77,22,35,31,22,28,20,39,21,30,21,visual,3,Study more
95,59,32,41,76,39,42,67,52,58,38,70,63,28,33,21,24,kinesthetic,3,Join study group
48,85,51,57,64,46,37,42,58,50,32,62,73,35,24,64,29,visual,3,Study more
29,22,59,30,41,43,40,33,51,20,23,63,68,32,53,53,35,visual,2,Ask questions
37,61,29,26,70,39,24,63,42,65,28,60,78,20,36,79,23,visual,3,Join study group
66,33,36,34,53,33,21,35,55,71,31,31,26,36,67,75,29,kinesthetic,2,Study more
87,29,33,56,44,48,56,27,42,35,28,78,28,38,58,78,33,visual,1,Practice regularly
53,43,24,59,73,31,31,76,36,65,20,79,47,22,40,68,34,kinesthetic,5,Practice regularly
28,44,42,74,74,42,48,31,75,67,23,40,62,32,43,63,28,kinesthetic,1,Practice regularly
49,22,23,43,60,53,20,39,63,70,39,45,56,38,43,73,33,auditory,5,Join study group
84,35,30,28,55,31,43,56,21,68,24,33,77,22,58,35,32,kinesthetic,2,Study more
85,59,37,76,70,25,37,75,65,50,20,54,52,30,74,61,33,auditory,4,Practice regularly
82,42,27,67,20,37,33,61,35,41,39,68,53,29,44,31,28,kinesthetic,2,Join study group
48,23,21,32,46,50,35,39,23,55,26,22,68,30,42,20,22,kinesthetic,3,Practice regularly
81,80,25,72,58,22,32,46,29,63,39,40,47,32,42,22,27,kinesthetic,3,Ask questions
90,87,38,65,25,40,27,74,75,78,29,58,21,25,21,74,39,visual,1,Practice regularly
75,36,40,35,76,59,62,55,56,60,25,73,51,24,53,25,30,kinesthetic,1,Practice regularly
76,93,47,27,76,25,67,69,45,71,22,67,32,29,57,31,26,visual,4,Practice regularly
37,33,47,36,49,48,50,51,22,30,29,47,26,34,25,39,22,visual,3,Join study group
88,32,28,22,31,33,67,34,34,48,33,71,78,24,46,76,31,kinesthetic,1,Practice regularly
60,43,34,30,33,26,57,74,51,51,23,52,21,21,30,41,27,kinesthetic,5,Ask questions
28,24,34,23,35,31,60,56,68,22,32,63,37,32,47,69,30,auditory,2,Join study group
83,23,49,49,42,24,22,23,20,58,37,21,59,37,73,43,32,auditory,3,Practice regularly
82,91,32,47,64,22,21,59,43,27,27,32,41,27,79,29,24,visual,4,Join study group
52,43,30,38,70,29,57,70,26,48,33,40,40,36,76,51,33,kinesthetic,5,Join study group
29,53,48,35,31,55,21,20,56,26,35,23,31,23,31,52,32,kinesthetic,3,Ask questions
65,55,28,66,62,28,38,68,76,53,26,56,58,29,50,23,36,auditory,3,Ask questions
26,72,49,59,63,52,38,35,30,46,24,62,35,25,73,77,22,auditory,3,Ask questions
38,68,53,68,77,53,26,40,56,35,25,32,67,20,61,30,33,auditory,5,Practice regularly
80,62,20,69,38,32,74,78,56,54,32,46,42,35,48,27,39,kinesthetic,1,Practice regularly
93,76,49,64,40,43,37,22,62,45,33,41,59,26,77,33,33,auditory,2,Join study group
85,45,33,74,40,46,62,46,20,67,20,66,30,22,29,59,32,visual,2,Ask questions
23,63,59,51,65,24,36,34,54,64,30,28,32,22,26,39,39,auditory,5,Ask questions
32,77,34,40,24,57,64,26,46,36,23,20,51,29,60,60,37,auditory,1,Practice regularly
93,89,24,38,21,22,40,21,41,66,28,74,74,32,78,38,29,auditory,1,Join study group
59,95,36,57,57,30,47,36,28,59,22,39,67,25,42,61,30,auditory,4,Practice regularly
50,49,48,30,44,26,46,32,53,63,22,76,44,26,37,32,31,auditory,3,Study more
71,79,56,40,45,48,50,65,47,79,24,20,62,37,77,47,28,kinesthetic,2,Join study group
53,92,38,37,31,40,74,47,28,70,33,38,78,27,58,20,33,kinesthetic,5,Join study group
27,44,57,67,51,55,62,32,26,59,33,36,72,21,44,69,39,visual,3,Ask questions
46,93,43,57,66,20,37,50,24,46,33,57,76,23,41,79,33,auditory,5,Ask questions
53,97,52,72,21,48,33,68,32,66,23,37,46,23,34,68,20,auditory,3,Join study group
48,68,39,68,21,58,64,43,56,30,30,21,57,22,56,41,23,auditory,4,Study more
36,96,39,28,35,21,42,53,39,44,23,57,26,26,77,77,21,visual,5,Study more
98,88,51,30,46,30,34,63,50,64,33,26,74,23,22,27,22,auditory,3,Ask questions
93,49,37,59,38,21,47,48,25,29,36,77,41,29,59,60,29,kinesthetic,3,Study more
74,47,36,40,51,52,34,23,34,49,39,33,61,27,77,36,20,visual,3,Practice regularly
22,46,33,39,36,58,25,53,27,66,31,38,41,26,77,34,29,visual,1,Join study group
77,62,20,61,51,58,75,65,28,74,25,36,51,23,56,46,38,auditory,1,Ask questions
99,80,57,36,23,36,24,45,34,79,32,38,40,20,72,48,26,auditory,1,Join study group
35,35,50,43,69,24,36,59,26,21,23,56,51,20,45,34,29,auditory,5,Practice regularly
21,60,49,66,51,56,22,39,52,68,30,76,40,36,79,79,20,auditory,4,Join study group
30,95,25,26,63,28,38,31,39,44,22,60,64,38,24,20,20,auditory,2,Join study group
59,80,29,36,57,36,40,43,50,42,35,74,44,22,79,39,27,kinesthetic,2,Join study group
93,76,39,57,59,38,23,55,59,63,32,35,39,24,48,42,27,kinesthetic,2,Study more
74,37,24,56,75,59,35,22,29,52,25,43,46,21,67,39,31,visual,2,Ask questions
94,62,38,41,53,45,30,75,76,39,22,39,28,21,52,40,20,kinesthetic,4,Practice regularly
75,45,45,71,59,45,79,57,36,72,23,74,35,28,34,59,37,kinesthetic,1,Study more
32,86,53,79,49,52,57,61,41,55,36,77,78,25,73,34,39,kinesthetic,1,Practice regularly
56,77,50,25,65,46,61,68,24,30,20,79,41,30,42,44,35,auditory,3,Ask questions
62,99,37,32,62,43,63,56,54,42,24,79,67,35,33,23,24,auditory,4,Study more
52,53,44,25,59,45,52,34,20,77,35,28,45,37,42,68,27,kinesthetic,4,Join study group
67,26,57,51,31,27,20,62,56,24,23,66,52,26,33,30,37,auditory,5,Study more
67,63,33,42,37,31,36,43,68,49,26,71,64,31,60,28,36,kinesthetic,5,Ask questions
83,34,48,31,23,53,69,55,70,36,27,76,77,33,75,39,22,auditory,3,Ask questions
54,99,33,44,34,53,51,50,31,27,36,41,41,30,29,71,20,kinesthetic,2,Practice regularly
91,87,48,38,38,36,62,36,37,68,25,77,70,21,61,77,26,visual,3,Join study group
79,62,44,72,48,22,59,38,77,40,34,61,42,21,70,59,25,auditory,5,Ask questions
40,76,27,26,34,43,68,25,23,30,36,35,49,20,68,49,28,visual,1,Ask questions
24,47,37,55,57,52,51,25,77,20,26,62,79,37,47,63,29,kinesthetic,5,Ask questions
96,30,46,68,46,59,59,55,56,70,31,38,69,29,68,50,25,kinesthetic,5,Ask questions
49,56,54,60,50,38,79,56,30,56,38,28,75,36,31,45,31,kinesthetic,1,Join study group
94,67,26,53,20,56,22,60,20,43,33,57,32,39,62,23,20,auditory,5,Study more
80,25,54,47,45,39,48,61,49,54,27,46,62,31,24,45,21,visual,3,Ask questions
43,27,49,20,61,24,69,75,70,61,39,26,31,30,55,31,38,auditory,4,Practice regularly
30,36,58,67,54,43,24,62,49,50,30,29,57,28,56,42,31,auditory,2,Study more
78,73,56,40,28,40,34,54,29,63,36,77,54,32,48,67,30,kinesthetic,4,Join study group
32,71,33,49,42,29,22,76,25,20,26,20,54,39,33,38,32,auditory,2,Ask questions
89,56,54,23,59,53,24,54,29,51,31,74,61,38,44,23,34,visual,1,Ask questions
67,92,28,47,56,57,27,51,37,70,35,27,78,36,47,28,20,kinesthetic,5,Practice regularly
68,36,44,60,70,59,33,50,72,75,36,63,46,30,63,24,30,auditory,4,Practice regularly
84,25,32,31,34,47,28,70,20,77,30,43,52,25,79,26,35,visual,5,Join study group
53,64,44,53,56,22,70,49,52,38,27,23,75,21,20,30,36,kinesthetic,2,Ask questions
52,88,33,54,37,32,33,25,60,75,32,57,25,30,21,60,38,kinesthetic,2,Study more
42,62,47,50,72,35,63,65,66,35,24,40,39,27,72,43,33,kinesthetic,1,Practice regularly
36,69,59,41,24,35,63,51,42,33,23,50,32,22,76,32,32,auditory,1,Ask questions
24,22,34,31,45,34,47,29,41,78,26,71,28,33,49,48,20,visual,1,Study more
37,65,35,54,50,34,47,41,43,43,32,32,53,37,21,29,30,kinesthetic,1,Practice regularly
27,24,50,74,50,36,62,44,47,26,21,72,39,32,49,23,30,kinesthetic,2,Ask questions
91,20,40,41,63,45,30,74,50,62,21,24,54,27,38,64,33,visual,3,Practice regularly
90,83,33,22,35,20,34,74,79,62,39,56,44,32,55,66,36,kinesthetic,1,Study more
79,85,57,56,50,29,29,62,69,53,33,74,60,20,26,31,34,visual,1,Ask questions
73,51,20,24,33,25,77,35,61,78,21,50,30,30,75,37,39,visual,1,Ask questions
86,55,31,68,34,33,44,78,68,67,22,50,33,37,70,49,27,kinesthetic,4,Join study group
87,29,53,76,62,51,74,68,23,53,25,23,26,33,44,75,23,visual,2,Practice regularly
44,36,56,61,61,34,68,57,41,52,33,42,79,24,23,70,29,visual,1,Study more
33,23,33,56,36,53,53,79,25,49,23,50,35,24,75,77,32,visual,5,Join study group
64,38,32,22,54,40,32,40,64,66,39,55,38,20,60,37,26,kinesthetic,1,Join study group
60,81,23,35,44,51,72,44,24,35,34,20,49,32,66,21,34,visual,1,Join study group
84,60,38,67,79,37,65,29,23,49,33,77,77,39,61,38,28,auditory,3,Practice regularly
80,86,38,39,38,22,73,37,39,75,32,24,42,21,33,22,37,auditory,4,Join study group
98,60,32,66,46,57,56,34,52,55,39,67,73,32,21,38,39,visual,2,Practice regularly
54,33,54,51,24,59,66,70,78,21,21,57,22,25,22,31,22,kinesthetic,3,Study more
31,85,25,23,23,54,53,49,30,69,20,74,27,24,30,79,27,kinesthetic,2,Practice regularly
39,35,46,23,51,54,27,74,27,39,34,49,21,36,63,34,33,kinesthetic,1,Study more
75,59,22,30,26,21,23,58,32,65,31,37,52,39,32,54,29,auditory,2,Ask questions
70,24,23,52,39,40,78,22,77,67,32,63,72,32,38,62,27,visual,3,Study more
51,78,58,29,72,57,65,22,27,57,28,54,48,33,55,32,25,auditory,4,Ask questions
59,44,45,28,39,32,30,72,35,51,29,24,24,39,40,47,34,kinesthetic,1,Practice regularly
72,50,36,73,35,32,58,35,41,68,28,42,36,22,44,35,34,auditory,3,Practice regularly
49,70,44,41,37,40,37,70,24,59,23,25,33,20,24,33,22,visual,5,Study more
81,84,23,41,38,29,28,52,59,48,21,76,26,31,44,78,24,auditory,2,Study more
37,94,49,56,27,53,26,68,26,24,22,62,58,30,23,25,32,kinesthetic,4,Join study group
61,87,59,75,21,31,52,52,57,44,23,72,61,23,49,30,29,visual,2,Practice regularly
75,85,32,22,35,23,58,66,53,67,24,71,39,26,78,34,38,kinesthetic,2,Study more
67,22,31,73,62,28,27,53,78,55,38,59,29,24,78,58,30,visual,3,Study more
45,52,54,76,73,38,40,75,37,21,32,41,35,30,61,22,39,kinesthetic,4,Join study group
60,75,33,69,62,57,63,60,58,79,24,78,52,27,46,62,29,visual,4,Practice regularly
88,49,30,31,49,38,23,40,44,63,33,48,45,27,33,58,22,visual,3,Join study group
38,81,36,26,23,30,69,42,53,57,25,21,35,32,50,76,31,auditory,2,Practice regularly
44,93,22,32,55,25,69,72,35,48,27,62,47,21,44,36,38,kinesthetic,1,Join study group
93,25,58,55,37,39,40,57,36,44,28,60,53,23,57,37,29,kinesthetic,4,Study more
86,20,36,39,50,54,71,44,23,59,33,30,66,34,58,22,26,visual,3,Ask questions
38,35,22,51,32,59,32,37,46,75,23,60,62,28,63,66,27,visual,4,Ask questions
50,85,35,68,48,27,33,24,36,49,32,72,24,28,70,57,39,visual,3,Ask questions
22,70,25,51,36,40,57,56,76,27,38,63,26,25,32,73,24,auditory,2,Join study group
76,68,26,57,53,38,62,59,49,29,37,30,21,25,68,45,22,visual,2,Join study group
46,44,37,47,25,33,29,69,74,69,29,49,40,31,56,66,37,visual,3,Ask questions
32,25,42,25,29,20,33,32,79,37,22,43,69,30,79,52,32,kinesthetic,5,Practice regularly
61,42,26,36,79,58,58,20,47,32,33,52,25,38,76,40,36,kinesthetic,5,Study more
90,86,36,44,33,42,79,46,21,75,33,44,64,23,57,51,22,visual,1,Ask questions
63,81,28,75,51,50,64,59,20,33,30,31,25,33,22,45,32,auditory,4,Ask questions
20,51,40,31,37,30,69,50,51,27,21,50,62,24,47,71,34,kinesthetic,1,Study more
29,98,41,30,47,24,22,54,29,41,26,33,77,22,58,35,26,kinesthetic,3,Study more
40,43,32,45,50,42,39,35,29,53,28,20,63,33,26,63,22,kinesthetic,4,Join study group
52,37,32,59,38,30,42,53,33,20,22,39,21,23,51,43,37,auditory,3,Practice regularly
46,60,53,21,72,35,60,21,31,78,32,31,24,35,45,24,24,auditory,1,Ask questions
87,70,24,50,42,42,74,26,65,41,30,21,53,31,67,75,39,kinesthetic,1,Ask questions
55,32,28,55,39,31,69,40,56,60,30,76,48,35,50,30,23,auditory,2,Ask questions
79,94,43,77,46,20,72,35,39,74,32,25,48,37,40,58,20,auditory,1,Ask questions
88,64,38,47,48,59,21,42,54,29,27,28,54,31,55,34,29,kinesthetic,1,Ask questions
20,22,54,71,32,57,64,79,43,62,24,60,37,22,79,25,36,kinesthetic,3,Study more
74,98,25,53,58,21,76,28,45,48,30,34,26,22,67,44,34,kinesthetic,4,Study more
39,28,32,75,30,26,23,73,67,65,25,35,70,26,67,78,34,kinesthetic,3,Practice regularly
97,65,27,41,58,25,30,51,57,29,22,38,60,28,77,33,30,visual,5,Ask questions
51,58,56,39,48,26,53,55,72,53,36,53,73,27,62,54,25,auditory,4,Join study group
58,66,53,47,41,42,53,58,64,23,35,56,22,23,34,55,37,visual,2,Ask questions
40,68,42,60,68,27,31,76,70,77,27,23,42,39,36,56,22,kinesthetic,5,Study more
49,20,59,33,75,48,43,30,70,40,21,25,55,22,53,63,20,kinesthetic,1,Join study group
54,68,23,44,41,28,34,79,57,75,28,49,25,26,76,52,29,kinesthetic,4,Study more
47,77,29,45,54,21,52,55,65,36,32,45,52,22,57,51,38,visual,3,Practice regularly
92,37,29,22,48,30,78,29,24,43,21,72,41,36,75,25,34,visual,5,Ask questions
84,43,30,74,43,31,34,63,57,37,25,67,49,30,65,30,29,auditory,2,Practice regularly
44,31,39,38,21,21,57,20,36,38,33,76,79,29,46,22,30,visual,4,Ask questions
71,96,42,77,20,41,40,20,44,64,38,56,68,35,71,23,38,auditory,5,Ask questions
84,73,36,39,36,26,68,53,69,50,33,35,35,35,63,71,31,kinesthetic,3,Practice regularly
74,90,37,21,53,27,29,60,72,35,35,28,27,26,64,63,22,kinesthetic,5,Practice regularly
73,29,35,64,69,23,32,56,47,22,31,39,71,38,70,41,23,visual,3,Study more
37,53,54,28,39,36,43,71,58,48,34,50,55,37,47,38,39,visual,3,Ask questions
94,62,59,62,57,45,44,73,79,38,26,42,41,32,75,49,21,visual,1,Join study group
70,50,23,32,60,21,44,20,75,69,28,52,30,25,79,24,39,visual,2,Join study group
33,34,59,30,41,39,60,62,72,45,28,23,27,35,41,43,34,auditory,2,Join study group
31,80,45,55,20,53,64,32,69,49,34,28,27,26,74,23,35,kinesthetic,4,Practice regularly
24,88,50,55,73,29,65,60,30,23,29,48,75,21,22,23,21,kinesthetic,5,Study more
66,32,49,59,69,51,48,69,70,53,34,63,54,33,46,57,26,auditory,4,Practice regularly
89,64,35,56,35,29,57,63,30,69,22,67,70,26,79,48,26,visual,2,Study more
95,30,45,34,24,52,21,62,43,33,35,57,32,38,76,41,23,kinesthetic,5,Practice regularly
24,40,33,76,46,28,43,53,49,29,23,66,36,28,38,61,23,kinesthetic,5,Practice regularly
61,46,58,24,67,51,22,67,28,60,31,58,49,35,31,29,26,kinesthetic,1,Ask questions
66,59,29,59,24,29,40,55,73,65,36,77,78,22,49,34,27,kinesthetic,2,Practice regularly
97,36,52,44,33,38,36,44,79,30,36,63,54,20,54,77,21,auditory,4,Practice regularly
96,77,25,43,72,34,44,20,48,29,35,61,52,26,35,34,29,visual,1,Ask questions
29,46,43,37,29,24,32,58,34,49,36,69,74,32,31,50,22,kinesthetic,2,Practice regularly
28,84,53,69,71,20,21,62,66,50,21,50,79,28,48,27,31,auditory,1,Join study group
31,68,51,38,57,32,56,61,78,56,35,71,56,32,64,63,34,kinesthetic,5,Ask questions
60,77,30,38,45,45,69,26,34,75,35,61,76,39,57,26,24,kinesthetic,1,Ask questions
34,34,27,60,74,49,38,76,20,39,39,36,44,26,53,33,30,visual,2,Ask questions
92,94,48,22,53,51,28,57,65,36,33,76,21,20,49,60,28,auditory,5,Practice regularly
97,46,28,51,47,38,44,63,33,55,33,65,44,20,78,20,37,auditory,2,Study more
98,46,26,40,20,22,57,46,47,60,28,45,57,34,24,66,39,visual,2,Study more
43,72,20,55,46,48,44,78,34,53,37,52,61,22,43,50,20,visual,4,Join study group
82,25,44,36,77,27,78,26,39,41,35,72,49,29,71,42,24,kinesthetic,4,Join study group
30,78,56,25,35,46,76,63,27,33,34,61,46,27,23,38,24,visual,4,Study more
84,81,36,67,41,36,60,32,44,38,25,33,41,21,29,62,34,kinesthetic,4,Practice regularly
20,96,25,69,62,51,79,78,32,37,23,30,49,29,62,49,38,kinesthetic,4,Study more
80,78,38,39,44,47,76,36,46,28,38,21,42,35,63,72,35,auditory,1,Practice regularly
62,42,28,53,34,53,74,70,76,32,33,50,40,22,65,56,25,visual,3,Join study group
97,49,38,38,73,48,53,50,38,77,27,33,43,30,45,22,29,kinesthetic,2,Join study group
67,65,34,67,70,51,63,61,23,60,32,22,31,36,69,73,32,visual,3,Study more
76,93,43,25,26,52,55,66,44,25,31,44,56,31,78,46,26,visual,5,Join study group
41,85,50,72,24,55,65,30,41,46,31,33,24,38,30,23,30,auditory,5,Ask questions
43,70,27,72,45,25,50,55,62,62,25,25,59,22,53,53,26,auditory,4,Study more
38,57,45,48,42,24,78,24,45,78,27,25,79,24,59,34,35,visual,1,Study more
78,90,56,50,71,25,29,72,64,55,36,57,20,33,65,65,39,visual,1,Practice regularly
88,72,46,40,22,39,27,52,67,48,33,35,29,33,47,55,25,visual,3,Join study group
29,49,40,25,77,33,25,28,33,55,33,45,31,36,62,62,33,auditory,2,Study more
72,44,21,50,72,32,67,20,26,66,25,55,28,26,33,76,33,auditory,4,Practice regularly
52,73,49,32,78,31,49,31,30,78,27,20,78,29,44,42,24,auditory,3,Practice regularly
88,65,41,64,47,58,76,51,65,72,26,59,20,32,35,54,39,auditory,4,Study more
22,86,22,46,75,52,73,34,63,60,39,63,25,24,34,63,36,kinesthetic,4,Ask questions
75,47,30,76,39,30,21,41,63,57,24,63,23,20,59,23,32,auditory,4,Study more
50,76,53,31,74,28,53,21,70,56,22,21,45,21,46,22,29,kinesthetic,5,Join study group
57,26,24,28,71,20,43,76,26,62,23,61,29,30,44,24,25,auditory,1,Practice regularly
98,39,28,33,72,50,32,44,72,56,28,54,36,35,42,68,37,visual,4,Ask questions
26,76,47,35,21,58,66,57,56,61,28,65,76,23,48,59,32,kinesthetic,5,Join study group
20,63,58,58,48,59,49,72,53,36,24,58,57,27,38,20,36,auditory,2,Practice regularly
71,43,41,70,34,50,45,70,60,38,27,47,57,20,73,37,28,visual,5,Practice regularly
94,45,53,28,65,38,35,74,66,71,37,48,32,22,32,52,37,kinesthetic,1,Study more
84,88,43,49,55,50,37,23,41,57,31,27,49,23,37,33,33,visual,3,Join study group
61,32,51,38,45,26,27,40,57,77,21,29,67,21,47,31,32,visual,3,Study more
51,74,57,76,74,21,30,53,58,74,32,44,78,33,59,49,24,kinesthetic,2,Ask questions
44,58,29,27,66,40,23,43,45,61,27,24,62,21,53,74,36,kinesthetic,1,Join study group
34,72,22,32,42,59,79,38,73,25,22,47,70,39,50,72,33,auditory,3,Join study group
53,91,26,41,24,41,22,35,34,41,38,49,34,22,70,67,36,visual,2,Join study group
55,46,26,32,47,45,54,46,28,46,35,59,54,34,64,68,21,kinesthetic,2,Ask questions
55,28,25,75,78,53,22,56,52,79,34,35,56,33,41,37,36,auditory,2,Practice regularly
51,41,54,53,52,44,43,51,24,26,23,58,64,34,26,65,33,visual,2,Practice regularly
29,35,34,49,47,58,42,58,59,65,38,72,59,21,58,42,28,auditory,3,Study more
86,31,53,61,60,26,20,42,44,67,29,52,37,35,25,36,24,auditory,5,Ask questions
67,24,20,79,24,25,27,74,52,36,32,24,56,35,66,77,38,kinesthetic,2,Practice regularly
39,37,54,42,20,49,46,48,59,61,39,56,23,21,60,61,33,visual,3,Practice regularly
81,34,32,24,73,24,21,65,40,65,30,71,34,22,38,64,21,kinesthetic,1,Practice regularly
73,22,44,63,46,51,43,56,71,41,32,64,43,35,39,21,23,visual,2,Ask questions
59,40,33,38,44,58,54,52,52,25,36,23,60,37,72,35,37,kinesthetic,2,Practice regularly
94,64,51,27,76,58,35,55,30,65,32,68,61,31,43,60,37,visual,1,Join study group
30,38,55,63,78,32,44,40,59,59,28,39,76,33,34,24,25,kinesthetic,3,Study more
77,66,26,64,57,43,24,43,68,49,35,64,75,39,65,77,22,kinesthetic,5,Join study group
39,52,49,30,22,52,47,51,52,68,29,62,49,33,43,68,38,auditory,2,Practice regularly
43,21,25,50,58,29,30,71,74,35,24,50,39,20,46,48,35,auditory,1,Ask questions
57,45,29,62,49,21,66,64,66,42,25,32,62,38,55,69,34,visual,1,Ask questions
60,55,20,61,52,58,56,62,77,48,30,78,27,22,74,68,22,kinesthetic,2,Ask questions
37,95,55,41,31,30,29,74,57,21,36,59,26,21,70,24,35,visual,1,Study more
64,88,32,45,45,31,30,49,69,33,38,54,26,33,53,79,33,kinesthetic,3,Study more
97,67,42,69,51,37,76,63,33,37,30,25,38,39,53,64,26,auditory,4,Practice regularly
35,83,53,70,34,21,69,30,37,71,37,60,68,21,56,68,37,visual,2,Study more
75,69,49,23,52,47,43,44,52,23,22,72,41,36,26,48,32,auditory,3,Study more
85,89,45,78,72,23,38,78,76,63,31,21,31,34,72,70,34,kinesthetic,5,Study more
30,38,53,44,26,35,59,56,52,78,22,52,32,23,76,25,37,kinesthetic,4,Practice regularly
93,35,40,66,59,31,65,39,38,36,39,45,56,35,35,77,22,auditory,5,Practice regularly
43,67,20,79,50,36,59,31,31,41,21,66,43,38,52,25,20,visual,3,Join study group
50,48,38,71,57,55,25,47,44,64,20,71,38,34,26,64,20,kinesthetic,3,Ask questions
57,43,32,68,79,36,24,45,65,44,36,62,31,29,58,62,23,auditory,4,Practice regularly
45,33,40,44,32,40,56,75,33,30,28,42,76,32,54,71,33,visual,1,Ask questions
51,97,32,33,27,50,38,65,77,69,25,49,33,27,30,38,31,auditory,4,Join study group
73,31,43,56,74,55,67,48,48,31,22,22,68,24,60,26,21,kinesthetic,2,Study more
49,96,35,21,35,40,33,77,36,59,38,29,56,23,29,21,22,kinesthetic,2,Ask questions
36,94,23,31,60,26,26,26,68,68,23,21,65,20,43,77,33,visual,4,Study more
20,25,33,75,64,43,72,26,39,36,24,37,28,38,38,37,37,kinesthetic,1,Join study group
89,96,36,67,61,57,36,24,65,58,37,48,68,27,60,57,29,visual,4,Ask questions
34,30,36,43,24,51,31,68,21,68,20,41,37,35,37,78,26,auditory,2,Join study group
38,61,29,24,77,49,57,60,67,64,31,39,25,30,58,59,26,visual,2,Ask questions
28,75,48,74,69,28,32,61,46,79,33,43,60,37,26,55,35,auditory,2,Study more
86,47,28,63,46,43,65,47,35,69,30,70,34,28,26,33,20,auditory,2,Practice regularly
50,82,39,48,74,35,34,35,62,66,25,63,34,25,45,49,38,auditory,1,Join study group
40,71,36,29,44,21,42,60,74,29,34,63,48,38,39,52,34,visual,4,Ask questions
60,69,34,75,21,33,74,37,75,42,21,56,51,28,61,58,23,auditory,2,Practice regularly
68,77,56,48,79,49,62,68,64,72,20,32,30,29,39,39,36,kinesthetic,4,Practice regularly
57,61,30,57,46,36,46,22,26,31,22,67,41,27,28,50,21,visual,5,Practice regularly
51,30,30,77,21,59,62,35,34,46,30,27,45,30,27,64,36,kinesthetic,2,Ask questions
46,81,21,54,39,22,49,74,54,56,35,74,64,30,45,29,32,kinesthetic,3,Practice regularly
32,50,26,73,20,49,35,38,69,47,23,72,28,38,65,68,38,visual,3,Study more
33,80,46,56,43,24,51,70,34,29,27,26,33,28,44,20,29,auditory,1,Practice regularly
46,85,53,34,44,51,59,26,59,73,39,49,51,23,59,56,21,auditory,5,Ask questions
39,32,57,21,55,40,77,31,57,46,30,79,34,27,61,40,27,auditory,5,Join study group
72,25,27,69,23,35,35,50,74,75,29,53,79,35,72,27,29,auditory,2,Ask questions
37,79,46,43,42,28,32,44,50,28,33,65,69,30,70,25,27,kinesthetic,1,Practice regularly
42,95,59,21,58,36,32,54,46,78,22,31,72,31,67,23,27,visual,3,Practice regularly
80,51,49,61,74,55,54,37,31,79,27,35,26,34,35,26,33,auditory,3,Ask questions
68,56,26,28,65,42,63,76,26,78,26,69,62,29,20,53,20,auditory,1,Practice regularly
69,43,37,24,23,24,72,47,33,64,21,50,54,36,67,51,25,kinesthetic,5,Ask questions
77,84,21,60,45,52,68,54,53,22,26,35,28,33,44,55,30,visual,1,Join study group
47,49,43,53,71,49,48,54,45,22,34,42,75,31,43,29,30,kinesthetic,4,Ask questions
66,85,22,62,21,41,41,75,52,69,31,67,35,27,62,48,38,kinesthetic,2,Study more
84,40,49,60,47,21,20,26,47,60,36,70,41,38,75,34,38,kinesthetic,3,Ask questions
96,91,30,58,25,27,32,41,24,33,31,55,74,31,53,38,25,kinesthetic,4,Ask questions
93,39,36,60,25,27,24,78,29,40,31,32,69,23,79,56,34,auditory,4,Join study group
71,23,39,42,26,37,37,62,71,31,34,66,44,22,33,48,30,visual,4,Ask questions
49,89,20,30,58,55,26,51,43,56,33,55,58,33,45,42,35,visual,1,Join study group
61,65,25,69,57,34,75,73,73,20,39,53,61,22,20,20,22,auditory,5,Ask questions
37,38,39,24,66,22,31,66,72,37,28,32,28,39,75,59,25,visual,2,Study more
66,57,23,59,21,46,43,21,76,72,31,77,74,20,52,75,37,auditory,1,Study more
99,37,56,64,29,36,70,71,54,60,37,29,69,35,73,23,39,auditory,5,Ask questions
84,95,42,53,22,57,75,73,69,29,37,68,79,32,35,75,30,kinesthetic,1,Practice regularly
77,94,22,31,66,40,52,79,24,27,24,50,41,29,21,61,20,visual,5,Ask questions
70,69,33,33,34,48,70,69,64,79,33,31,51,28,77,54,20,auditory,1,Ask questions
83,45,25,36,60,21,28,48,31,71,25,66,66,37,50,56,22,kinesthetic,1,Practice regularly
71,46,50,33,20,40,30,58,77,20,37,21,58,35,22,36,30,auditory,5,Study more
36,50,46,22,22,24,22,62,23,48,27,65,73,39,39,78,28,auditory,3,Practice regularly
60,97,24,38,37,31,34,66,45,37,37,20,79,38,34,75,30,kinesthetic,2,Practice regularly
64,36,47,56,31,27,45,40,72,53,32,33,31,33,44,27,21,kinesthetic,5,Ask questions
22,35,49,23,66,31,63,78,76,25,38,70,45,27,38,31,39,kinesthetic,2,Join study group
74,88,58,44,76,47,70,64,26,32,24,54,46,26,32,27,24,visual,3,Join study group
20,62,23,23,34,52,75,25,46,58,21,49,53,34,32,40,31,kinesthetic,1,Study more
34,91,36,23,74,57,20,67,23,54,37,71,77,39,66,53,33,auditory,1,Practice regularly
37,76,50,39,42,48,57,53,66,46,39,51,76,31,66,52,23,visual,1,Study more
34,40,41,61,73,23,20,54,51,50,22,39,30,36,33,57,37,visual,2,Study more
94,70,41,79,61,28,53,43,53,41,27,51,55,33,79,22,26,auditory,1,Ask questions
97,42,50,69,60,30,71,25,26,75,26,77,70,27,62,68,20,kinesthetic,2,Join study group
25,48,56,67,65,30,60,65,47,60,37,21,31,32,36,59,25,auditory,5,Join study group
96,73,53,73,38,27,43,53,53,59,25,59,71,21,46,38,23,visual,5,Ask questions
28,21,41,55,68,52,63,65,20,53,21,66,75,26,32,24,20,auditory,4,Ask questions
66,46,31,52,71,38,47,47,49,25,32,46,55,31,55,43,35,auditory,4,Practice regularly
27,89,25,46,79,45,73,44,54,40,31,21,35,25,56,43,34,kinesthetic,4,Practice regularly
36,37,54,69,66,33,57,27,54,74,34,61,77,38,55,32,36,kinesthetic,3,Ask questions
40,96,29,40,70,21,50,78,27,43,33,30,29,39,72,55,30,auditory,2,Study more
48,84,32,52,44,28,39,65,31,65,32,49,21,39,55,31,36,auditory,5,Practice regularly
62,36,52,47,28,35,42,36,43,50,26,75,38,27,20,47,29,visual,1,Ask questions
67,95,23,35,54,50,43,59,62,62,27,62,47,37,21,58,25,visual,5,Practice regularly
26,86,49,77,20,34,72,73,64,22,37,48,27,27,50,52,37,visual,1,Join study group
90,47,29,24,49,20,50,50,55,70,37,55,54,32,38,48,38,auditory,2,Practice regularly
77,65,36,58,49,25,73,64,37,36,22,57,47,21,73,69,39,auditory,1,Practice regularly
50,57,39,51,44,38,54,26,46,77,26,20,72,37,29,72,23,auditory,3,Study more
47,55,54,20,53,53,42,64,71,30,22,32,39,38,26,55,26,kinesthetic,4,Study more
48,43,28,50,71,56,54,71,64,65,39,60,67,36,75,41,28,visual,3,Study more
68,26,50,34,62,42,63,73,23,55,23,70,20,22,46,21,34,visual,3,Ask questions
62,47,55,43,46,35,38,64,53,70,24,25,76,37,56,26,37,auditory,1,Practice regularly
83,69,45,30,55,27,71,58,27,52,36,34,61,27,30,28,30,auditory,3,Practice regularly
37,79,25,49,29,59,26,23,55,43,37,39,58,27,79,44,35,kinesthetic,3,Study more
80,76,47,43,36,25,36,27,29,34,22,71,64,34,69,46,28,visual,5,Study more
54,77,52,45,35,20,74,68,61,70,36,23,77,39,72,48,38,visual,5,Ask questions
58,52,48,40,77,50,62,24,34,53,25,40,22,29,41,67,20,auditory,3,Join study group
24,83,39,44,58,52,55,57,25,53,36,79,42,34,56,22,32,auditory,3,Join study group
86,29,45,78,58,49,29,44,53,32,31,44,21,37,75,25,36,kinesthetic,3,Study more
83,26,20,70,67,59,55,64,37,37,37,38,63,20,20,20,26,auditory,3,Study more
93,97,35,24,26,31,31,60,25,66,34,38,64,22,32,64,33,auditory,5,Study more
25,77,50,58,48,51,28,33,57,61,24,49,59,35,68,39,37,visual,4,Practice regularly
29,93,22,78,53,28,29,28,58,58,35,37,70,31,35,66,39,kinesthetic,4,Study more
29,20,37,49,40,24,66,21,54,69,28,71,72,30,73,32,35,kinesthetic,1,Join study group
71,75,23,63,40,29,39,58,35,73,39,53,53,30,68,28,36,visual,4,Practice regularly
25,31,29,49,52,43,51,78,57,75,23,31,54,36,70,44,22,visual,4,Join study group
62,23,54,77,38,22,54,75,35,69,22,32,53,25,60,36,29,kinesthetic,2,Study more
49,32,56,49,54,37,47,45,50,79,30,32,69,27,73,69,35,kinesthetic,1,Study more
83,93,31,54,64,49,23,63,57,73,39,27,77,38,51,58,20,kinesthetic,1,Ask questions
35,45,53,56,48,47,53,42,58,49,32,57,61,24,43,39,30,auditory,2,Study more
82,35,27,35,46,52,64,66,25,26,28,73,47,25,29,46,23,auditory,2,Practice regularly
61,43,25,20,20,31,70,79,75,25,39,20,64,24,62,72,30,auditory,3,Practice regularly
62,42,30,54,30,23,33,63,20,40,21,60,49,26,54,68,23,kinesthetic,1,Join study group
24,58,37,78,31,20,38,78,76,55,22,41,29,30,78,43,26,kinesthetic,1,Ask questions
69,42,46,44,55,34,67,34,30,62,37,67,66,29,55,24,23,kinesthetic,5,Study more
30,60,57,78,61,29,36,39,24,43,20,38,78,30,61,20,28,auditory,5,Practice regularly
98,80,54,46,48,31,78,40,36,56,31,22,69,29,52,20,22,visual,3,Practice regularly
87,37,41,78,24,44,62,25,54,51,39,53,34,35,34,22,35,auditory,5,Study more
35,37,57,37,70,31,23,71,74,78,35,57,48,22,71,61,38,auditory,3,Practice regularly
89,71,25,63,36,20,45,48,57,63,36,44,25,36,79,34,34,visual,2,Join study group
98,80,42,54,79,40,76,28,30,21,37,57,73,26,24,77,20,kinesthetic,5,Study more
47,68,55,69,63,34,77,21,23,38,20,44,20,20,31,35,32,auditory,4,Join study group
85,39,57,56,26,26,46,41,46,23,20,71,31,20,39,44,26,visual,5,Practice regularly
79,94,30,48,60,54,72,55,68,39,26,44,70,26,58,69,29,kinesthetic,3,Study more
85,94,30,24,50,48,76,47,41,48,30,48,57,25,70,24,38,auditory,1,Study more
51,98,21,30,36,47,70,24,63,78,20,40,22,24,73,29,20,kinesthetic,5,Study more
93,77,52,50,42,51,43,37,36,74,20,27,67,33,29,35,29,visual,1,Practice regularly
64,89,54,21,39,54,55,65,32,30,26,20,75,28,72,78,29,kinesthetic,4,Ask questions
91,21,44,60,37,56,66,77,32,62,27,75,61,20,39,37,27,kinesthetic,1,Join study group
54,92,26,51,77,36,66,71,32,36,28,45,34,37,61,26,21,visual,1,Join study group
53,85,36,71,67,42,41,59,64,55,33,74,72,20,77,32,37,auditory,5,Join study group
78,47,46,24,72,48,46,24,27,64,20,65,21,29,45,60,33,kinesthetic,1,Practice regularly
84,25,50,51,62,56,27,38,20,29,34,77,59,26,71,52,26,auditory,5,Study more
83,26,47,45,52,54,54,63,70,56,33,39,58,29,62,38,20,visual,1,Join study group
77,57,33,65,31,38,66,58,48,71,24,25,36,37,36,44,29,auditory,4,Study more
51,53,39,28,24,44,58,66,49,55,37,64,21,33,56,29,38,auditory,2,Study more
23,53,29,76,53,38,53,36,24,63,28,38,42,23,54,79,23,auditory,3,Ask questions
31,68,23,76,21,30,32,65,67,66,33,21,38,25,67,46,28,kinesthetic,5,Join study group
21,61,51,58,33,36,61,70,66,56,36,76,20,32,42,72,21,kinesthetic,3,Study more
81,48,27,53,63,37,78,35,38,52,31,58,70,27,39,51,28,auditory,1,Ask questions
24,53,47,79,45,57,32,74,23,49,35,70,44,39,78,36,31,auditory,3,Ask questions
69,27,40,28,22,26,63,38,35,43,37,61,64,39,72,73,21,visual,2,Ask questions
23,44,24,42,53,21,51,28,45,26,34,72,57,34,42,27,30,visual,1,Ask questions
78,37,48,57,56,47,48,43,47,24,22,23,31,28,48,66,33,visual,2,Join study group
63,81,26,77,21,54,76,73,38,75,31,46,31,21,69,24,31,kinesthetic,4,Ask questions
51,28,40,60,25,50,31,43,67,70,31,71,53,28,49,66,23,auditory,3,Study more
50,31,49,43,48,22,72,58,43,57,20,53,75,29,27,38,31,kinesthetic,2,Ask questions
70,45,55,28,71,32,27,57,68,72,30,34,66,31,34,63,28,kinesthetic,3,Practice regularly
66,52,30,54,34,57,77,22,67,76,23,53,32,21,47,46,34,kinesthetic,2,Study more
63,64,46,37,25,49,63,51,60,47,30,49,39,31,69,65,24,auditory,3,Study more
87,60,25,37,39,53,67,41,49,26,20,38,62,29,71,24,33,visual,3,Practice regularly
93,63,56,27,47,57,24,64,76,46,32,61,24,38,31,43,26,kinesthetic,4,Ask questions
46,50,58,37,69,37,71,20,30,26,26,66,25,39,72,20,37,visual,3,Study more
24,64,23,55,38,33,67,60,60,32,27,30,30,37,38,59,26,auditory,2,Practice regularly
35,52,38,40,75,35,53,38,75,72,30,37,75,37,71,50,39,visual,4,Practice regularly
56,92,28,22,36,44,77,38,25,52,25,29,79,25,20,65,35,visual,4,Ask questions
59,58,45,36,60,28,36,41,26,71,30,25,24,24,36,33,31,visual,5,Study more
59,87,38,56,38,43,25,49,69,62,20,25,66,30,33,55,22,auditory,3,Study more
40,64,45,41,44,45,20,25,64,53,37,61,33,26,43,53,39,visual,5,Practice regularly
21,28,57,68,66,47,57,25,67,50,25,39,66,38,55,40,33,auditory,2,Join study group
45,31,48,45,75,35,51,23,69,23,24,47,55,38,25,59,33,visual,4,Ask questions
67,91,39,48,74,49,70,61,36,46,33,36,74,31,78,69,29,auditory,5,Study more
59,47,52,47,39,46,54,52,48,54,39,55,53,38,38,61,39,kinesthetic,4,Join study group
60,36,53,40,70,53,22,71,65,27,24,78,74,20,23,28,36,kinesthetic,2,Practice regularly
74,41,47,60,72,31,65,79,67,64,33,23,38,39,25,23,22,kinesthetic,5,Join study group
86,71,24,31,32,23,34,65,27,76,24,62,69,23,78,38,21,visual,5,Ask questions
40,78,28,64,79,54,29,32,30,29,24,48,28,31,45,50,32,auditory,1,Join study group
20,69,50,75,76,24,32,69,23,74,29,31,26,31,73,63,33,kinesthetic,1,Practice regularly
51,63,25,56,29,46,64,39,42,59,21,58,33,32,47,72,39,visual,5,Ask questions
40,80,47,46,45,41,30,33,23,30,20,33,58,36,46,77,31,kinesthetic,4,Study more
94,95,46,30,67,28,41,57,66,39,23,72,42,21,20,37,24,auditory,2,Join study group
24,53,54,27,61,46,25,26,50,70,30,47,58,37,20,47,23,visual,1,Join study group
62,80,30,29,26,45,26,32,76,37,38,72,72,39,51,61,26,visual,3,Ask questions
71,93,31,68,59,44,33,35,34,33,36,67,74,21,51,63,32,auditory,4,Join study group
52,90,28,51,69,57,45,59,42,48,30,58,56,32,69,26,30,auditory,5,Study more
90,88,59,45,49,21,51,44,33,60,37,20,60,22,52,71,35,kinesthetic,2,Study more
78,30,32,30,66,58,74,38,40,32,25,37,37,29,73,79,20,visual,1,Join study group
25,42,22,42,33,20,70,40,72,72,38,39,42,23,72,63,23,auditory,1,Study more
52,68,59,67,30,58,62,70,23,32,31,64,42,27,26,68,23,kinesthetic,4,Join study group
83,97,59,37,36,23,20,49,21,24,37,67,72,30,23,39,24,kinesthetic,4,Ask questions
81,85,58,64,55,25,79,32,51,23,31,73,24,34,50,65,21,visual,3,Study more
90,87,37,62,51,54,66,42,63,61,25,63,41,33,29,23,34,visual,2,Practice regularly
81,91,50,66,34,50,37,73,55,32,35,72,77,20,63,37,26,auditory,5,Ask questions
23,42,35,76,56,46,38,46,79,64,37,65,79,33,64,36,22,auditory,2,Ask questions
60,57,29,32,69,31,24,77,62,53,21,51,49,38,67,22,30,visual,2,Ask questions
76,23,23,70,44,57,36,66,75,63,22,72,21,24,72,56,30,visual,4,Join study group
85,44,53,55,65,54,30,75,25,55,20,71,66,39,63,29,27,kinesthetic,2,Practice regularly
76,23,46,53,51,29,67,71,29,28,22,60,78,32,45,79,35,kinesthetic,1,Ask questions
53,70,37,52,47,25,45,28,22,49,24,38,23,29,57,28,26,visual,3,Study more
43,49,36,23,73,45,39,47,41,68,31,70,29,26,46,74,26,kinesthetic,2,Ask questions
24,99,49,20,78,55,63,71,21,30,20,20,39,32,61,43,38,kinesthetic,3,Study more
73,41,26,46,43,25,56,39,64,25,34,31,55,30,33,53,27,auditory,2,Practice regularly
84,52,28,58,49,52,71,47,39,35,22,62,69,37,62,49,39,auditory,3,Study more
84,67,48,66,63,55,36,75,50,26,28,75,42,30,41,61,21,auditory,5,Study more
82,39,25,26,21,33,53,30,36,65,37,62,57,31,75,28,31,visual,4,Study more
78,72,57,62,48,28,21,35,56,71,21,41,52,39,31,54,24,kinesthetic,2,Ask questions
81,74,54,23,68,45,61,23,50,47,28,65,41,23,54,65,23,kinesthetic,2,Join study group
39,60,53,27,53,37,66,39,25,64,23,76,71,20,51,70,22,auditory,5,Join study group
27,36,50,55,72,28,42,42,53,44,26,59,68,26,63,20,24,kinesthetic,5,Ask questions
83,44,29,47,26,42,35,53,69,43,29,24,57,32,46,42,26,kinesthetic,4,Study more
38,82,21,72,75,58,42,78,47,78,27,50,66,28,33,37,33,visual,3,Practice regularly
57,70,49,65,55,48,33,40,43,38,24,62,20,27,78,30,34,auditory,1,Join study group
20,80,53,41,36,36,52,74,63,53,20,42,77,35,40,44,30,visual,5,Study more
97,66,55,49,43,58,53,33,30,35,39,76,33,29,77,40,23,kinesthetic,3,Join study group
28,53,35,20,61,41,55,51,54,23,23,27,24,22,33,41,22,auditory,5,Practice regularly
49,33,47,69,72,53,52,33,33,22,25,50,78,35,68,63,36,visual,4,Practice regularly
83,39,33,48,79,38,68,30,27,79,33,70,53,34,66,21,33,kinesthetic,5,Join study group
74,56,32,36,69,25,20,21,40,36,31,33,46,32,54,37,33,visual,4,Join study group
51,55,24,54,70,55,77,34,48,36,28,60,48,39,23,76,27,auditory,2,Study more
91,31,36,48,55,22,25,50,32,66,35,44,36,24,30,68,34,auditory,3,Ask questions
73,65,21,47,53,58,74,47,73,30,30,56,22,23,33,40,33,auditory,3,Practice regularly
27,30,36,33,71,39,32,46,41,45,29,23,58,38,67,43,39,visual,1,Ask questions
85,40,28,64,51,39,40,46,59,56,24,45,45,32,36,74,22,auditory,4,Study more
99,51,49,68,79,28,70,55,27,62,22,69,35,20,62,67,21,auditory,4,Join study group
87,26,44,65,65,27,63,43,38,48,31,30,67,29,32,43,30,visual,4,Join study group
83,42,37,60,70,25,21,38,25,61,25,39,70,31,20,55,37,visual,4,Practice regularly
73,85,29,72,65,29,29,38,54,37,37,58,64,32,34,57,28,visual,5,Practice regularly
60,98,56,41,30,55,78,60,67,70,31,77,23,31,30,23,22,kinesthetic,1,Ask questions
95,36,45,55,45,21,30,59,68,54,35,45,52,26,67,40,35,auditory,1,Study more
69,68,54,62,63,21,56,30,33,79,24,65,61,24,46,59,38,auditory,4,Ask questions
36,95,40,52,30,35,75,53,71,54,38,77,38,37,36,37,23,kinesthetic,5,Join study group
76,74,40,32,21,58,48,20,43,62,23,62,20,22,54,52,39,kinesthetic,1,Ask questions
73,94,27,64,72,43,63,53,27,65,38,54,74,21,52,76,37,kinesthetic,1,Ask questions
56,67,27,53,36,35,49,60,51,41,26,28,50,24,42,76,33,auditory,2,Study more
77,32,33,37,54,36,21,42,53,31,23,46,34,38,26,40,36,visual,2,Ask questions
90,92,33,69,73,43,31,39,71,31,21,62,45,22,60,26,29,auditory,1,Ask questions
27,47,58,52,71,35,52,52,65,58,30,26,20,20,74,68,35,kinesthetic,1,Practice regularly
20,38,58,23,22,47,71,58,73,29,35,35,64,23,67,78,36,kinesthetic,3,Study more
68,73,23,31,29,49,72,64,37,72,30,24,20,35,76,49,29,auditory,2,Practice regularly
75,90,39,53,23,52,56,72,31,55,29,52,42,31,33,35,35,kinesthetic,3,Join study group
38,99,49,69,60,36,40,49,41,48,30,26,25,29,40,61,27,kinesthetic,5,Practice regularly
44,52,57,52,43,27,41,26,59,36,25,58,68,32,50,28,32,auditory,3,Join study group
37,36,43,71,78,31,22,27,60,78,39,29,68,20,59,60,22,visual,4,Practice regularly
93,95,34,34,65,47,64,39,72,36,31,22,60,29,52,21,27,auditory,2,Ask questions
39,60,40,30,47,48,27,41,72,79,21,62,30,25,35,77,23,auditory,4,Ask questions
68,64,37,46,74,21,66,77,68,68,32,22,69,29,54,75,32,kinesthetic,1,Join study group
65,48,52,41,41,46,66,78,56,60,39,34,76,24,51,36,22,visual,5,Study more
24,31,43,46,34,46,28,78,37,74,23,58,57,33,67,32,39,auditory,2,Practice regularly
48,67,58,45,74,56,79,58,79,31,26,42,31,29,53,54,24,visual,5,Study more
58,74,57,77,56,52,78,69,22,69,26,50,71,23,75,28,33,visual,5,Practice regularly
23,78,37,43,66,49,59,27,78,68,22,59,32,26,76,22,23,kinesthetic,3,Ask questions
67,35,48,42,64,44,52,22,46,47,20,27,27,28,71,74,33,visual,2,Study more
51,92,41,44,67,21,24,34,46,63,35,56,77,37,75,41,37,visual,4,Join study group
29,46,49,78,30,36,71,72,69,25,33,65,79,23,69,30,38,visual,5,Study more
95,79,28,37,31,47,41,59,77,31,25,60,54,31,66,77,37,visual,2,Practice regularly
94,33,53,39,72,36,60,50,47,39,21,31,31,37,41,46,30,visual,3,Ask questions
45,86,51,58,52,43,62,31,55,51,27,20,74,35,29,75,34,kinesthetic,2,Practice regularly
50,98,54,21,37,43,38,72,79,46,37,62,69,33,52,54,27,auditory,3,Ask questions
77,55,28,29,54,54,23,25,21,70,29,34,56,27,32,42,39,kinesthetic,4,Ask questions
66,42,59,42,58,30,66,36,23,72,28,56,35,37,61,33,30,visual,4,Join study group
34,35,44,68,49,31,50,72,63,44,28,39,22,38,77,48,32,visual,1,Join study group
45,45,38,79,38,36,76,52,54,30,30,28,49,39,36,33,28,visual,4,Study more
33,80,24,42,60,31,27,34,77,72,23,36,20,23,54,67,20,visual,1,Practice regularly
24,28,23,48,33,31,66,24,35,63,32,20,43,24,44,30,36,auditory,2,Ask questions
86,41,56,34,73,21,42,47,37,64,34,27,24,26,27,39,22,auditory,5,Ask questions
53,36,59,54,54,44,62,44,55,43,31,70,74,38,65,41,25,visual,3,Practice regularly
71,67,46,77,68,59,72,46,61,33,24,35,45,36,53,62,25,auditory,5,Practice regularly
91,85,24,38,54,34,74,50,61,73,21,73,22,34,31,39,26,visual,3,Practice regularly
83,37,38,62,70,23,76,32,64,39,39,77,36,31,65,42,22,kinesthetic,2,Ask questions
39,76,47,41,66,30,20,44,59,77,35,41,72,29,33,56,21,visual,1,Ask questions
30,83,43,43,24,54,69,28,75,73,24,78,66,22,30,60,22,visual,5,Practice regularly
65,56,29,25,44,54,65,59,65,40,34,50,59,38,74,40,26,kinesthetic,5,Study more
88,26,29,28,62,33,46,48,32,29,23,37,44,26,46,38,28,auditory,3,Study more
58,81,54,61,37,29,49,75,68,46,37,40,49,22,29,78,29,auditory,5,Study more
91,36,52,60,52,33,22,61,27,47,27,76,68,39,42,55,25,visual,2,Join study group
92,93,36,63,56,41,31,63,51,35,24,50,54,37,35,35,36,visual,2,Join study group
21,79,50,39,32,35,63,43,59,32,32,63,24,39,52,32,22,kinesthetic,1,Join study group
38,89,38,57,57,31,37,62,34,25,36,69,38,22,30,42,24,visual,5,Practice regularly
60,21,54,60,22,29,67,49,74,49,35,50,68,34,71,65,36,visual,4,Ask questions
64,34,52,31,31,46,45,29,55,77,33,71,72,28,72,53,34,auditory,3,Practice regularly
61,39,58,34,50,41,30,30,49,48,25,54,75,32,57,52,38,auditory,1,Join study group
86,28,24,79,69,32,69,56,36,73,33,74,30,31,33,43,29,visual,1,Join study group
41,98,51,31,21,43,21,41,27,55,24,36,34,29,25,27,33,auditory,3,Practice regularly
37,81,21,49,79,28,70,69,21,49,27,35,61,33,20,51,39,kinesthetic,2,Ask questions
60,29,35,75,58,55,44,25,47,31,36,70,49,25,66,64,38,auditory,2,Join study group
27,21,50,77,25,33,31,49,69,59,33,36,21,36,57,44,38,auditory,2,Practice regularly
83,59,26,35,29,44,44,77,26,75,31,68,48,31,58,77,23,kinesthetic,2,Join study group
49,41,59,25,61,43,73,53,56,45,36,46,33,31,78,20,20,kinesthetic,3,Join study group
75,68,34,22,62,33,62,37,33,57,20,75,56,22,65,45,20,auditory,4,Join study group
28,68,36,51,58,59,67,37,53,40,33,43,34,29,66,40,23,kinesthetic,5,Ask questions
23,55,28,52,35,51,25,44,25,56,34,77,74,38,57,60,21,visual,1,Study more
36,32,51,40,50,24,76,26,31,29,27,41,27,32,46,71,39,kinesthetic,3,Study more
21,75,53,67,69,51,27,64,67,60,26,64,21,33,34,56,38,auditory,4,Practice regularly
65,96,35,47,44,21,67,35,40,30,25,51,75,31,30,40,24,visual,1,Study more
73,26,36,63,23,52,27,27,50,64,24,31,27,31,51,34,26,auditory,2,Study more
53,99,54,29,63,35,33,24,45,77,35,49,76,28,41,27,35,auditory,1,Ask questions
70,27,47,39,63,36,34,71,61,65,31,34,58,23,59,23,29,visual,2,Join study group
25,38,23,71,36,45,39,55,53,47,28,67,56,33,76,55,39,visual,3,Practice regularly
87,85,34,73,63,56,71,24,63,60,35,31,42,38,78,55,32,kinesthetic,1,Join study group
62,51,26,47,30,25,23,22,52,45,23,39,43,35,30,36,28,kinesthetic,1,Ask questions
79,71,22,29,66,54,58,66,32,49,23,52,29,26,56,49,22,visual,3,Join study group
90,31,34,27,61,35,43,36,69,30,30,71,40,32,53,45,33,auditory,3,Practice regularly
68,38,29,21,68,56,25,41,65,22,38,66,39,38,28,71,35,visual,3,Ask questions
69,23,54,30,26,48,20,47,32,45,38,31,37,33,46,79,22,auditory,2,Practice regularly
46,70,27,35,23,58,42,31,67,37,39,58,46,38,60,25,32,visual,3,Ask questions
67,39,37,68,20,36,27,63,52,52,21,40,53,25,22,42,34,auditory,1,Ask questions
67,68,59,20,70,43,73,48,35,74,33,75,24,36,29,44,34,visual,4,Practice regularly
82,46,55,67,53,41,66,25,30,28,39,27,52,28,23,32,32,kinesthetic,1,Join study group
94,26,35,42,74,29,24,58,43,63,31,60,44,33,20,20,30,kinesthetic,4,Join study group
93,75,31,50,77,31,29,48,25,36,32,26,66,35,58,34,26,auditory,2,Study more
60,38,24,32,66,39,67,79,32,32,33,33,48,29,49,67,33,kinesthetic,2,Ask questions
38,98,52,48,31,42,25,61,62,76,24,62,36,34,25,68,22,visual,3,Study more
77,79,42,44,54,58,79,67,79,46,23,49,79,30,44,29,32,auditory,1,Study more
88,70,37,76,75,26,51,35,71,60,27,49,27,25,42,36,38,auditory,4,Study more
24,24,42,69,75,42,59,70,24,59,38,42,43,25,53,24,36,kinesthetic,2,Ask questions
80,39,33,22,26,30,34,39,52,52,29,53,49,20,38,31,39,kinesthetic,3,Study more
60,21,46,60,55,52,53,24,34,23,29,73,68,28,33,61,28,visual,1,Join study group
22,69,42,70,45,51,50,38,31,71,38,53,46,25,51,22,36,auditory,5,Study more
26,23,24,29,61,28,76,49,60,32,27,63,22,38,47,53,25,auditory,1,Join study group
63,60,43,75,41,32,50,73,38,66,31,58,71,21,39,78,23,auditory,1,Practice regularly
78,61,40,57,65,24,35,54,30,54,21,38,57,29,65,58,20,auditory,3,Join study group
25,87,59,66,47,22,61,75,44,50,39,50,67,38,59,67,33,visual,5,Practice regularly
96,32,23,62,65,37,37,28,30,64,35,54,57,26,42,40,28,visual,5,Practice regularly
78,83,21,38,49,30,27,25,47,32,27,59,39,36,65,33,36,auditory,3,Practice regularly
95,25,26,48,48,52,47,78,31,34,35,69,34,30,20,76,35,kinesthetic,4,Join study group
21,32,26,25,22,42,49,52,40,71,26,49,44,28,38,33,23,kinesthetic,2,Practice regularly
67,80,32,78,64,55,49,29,46,28,32,76,72,34,51,66,26,visual,1,Ask questions
72,37,41,67,56,45,65,51,21,54,37,28,32,29,33,28,23,visual,5,Ask questions
52,40,24,24,56,55,76,39,50,54,28,29,72,27,75,31,24,visual,3,Practice regularly
40,42,50,39,57,42,66,22,55,26,36,30,70,24,65,60,27,kinesthetic,1,Join study group
89,37,21,34,64,27,51,56,63,22,27,38,40,23,46,58,28,auditory,4,Join study group
51,35,22,77,33,42,66,76,77,34,24,34,68,32,48,22,28,visual,3,Practice regularly
69,85,25,33,35,38,34,20,52,26,36,53,37,23,79,78,28,auditory,2,Study more
93,78,26,66,58,27,29,46,35,67,26,59,56,35,70,67,37,visual,2,Practice regularly
30,73,59,40,39,29,27,40,59,46,28,20,69,33,37,63,31,auditory,4,Ask questions
38,79,58,23,39,47,41,65,27,39,26,78,74,36,56,22,23,kinesthetic,1,Study more
81,36,43,35,38,51,52,61,56,49,37,67,25,21,55,39,39,auditory,3,Practice regularly
28,43,28,75,78,29,57,33,35,72,20,36,52,34,23,25,36,kinesthetic,1,Ask questions
69,51,45,41,56,20,57,61,43,21,27,42,33,31,55,35,23,auditory,1,Ask questions
87,31,45,75,22,33,22,60,46,56,28,46,23,24,76,43,23,kinesthetic,2,Ask questions
39,38,32,64,51,27,73,68,70,36,20,59,79,32,40,55,23,auditory,5,Ask questions
20,60,25,31,58,54,55,67,50,64,21,73,39,31,54,39,32,visual,5,Ask questions
69,53,56,37,76,22,39,45,36,23,33,68,37,30,58,76,26,auditory,3,Ask questions
28,74,37,70,64,21,57,32,60,20,21,22,66,30,45,65,21,auditory,5,Join study group
82,56,57,51,36,50,76,64,32,67,34,27,68,32,49,53,21,visual,1,Join study group
81,33,53,20,64,48,65,57,66,77,21,78,34,25,71,38,20,kinesthetic,1,Join study group
47,38,42,53,49,57,48,27,67,44,25,74,36,22,28,25,27,kinesthetic,5,Join study group
66,66,33,79,26,33,31,28,36,23,31,47,36,35,72,47,33,kinesthetic,1,Study more
83,87,42,26,62,41,64,23,53,52,35,56,50,23,50,37,28,auditory,4,Study more
61,64,47,66,27,54,26,69,20,35,33,37,77,33,41,51,35,kinesthetic,2,Join study group
46,45,53,71,41,50,62,47,21,64,34,58,61,35,71,59,36,visual,5,Join study group
20,73,26,68,31,38,64,25,61,31,30,46,57,34,51,23,34,kinesthetic,2,Join study group
76,66,54,62,24,41,28,47,26,22,29,66,58,33,47,67,35,kinesthetic,1,Practice regularly
29,68,20,60,36,25,41,48,38,72,33,28,49,23,76,31,37,kinesthetic,2,Join study group
81,63,33,61,27,58,52,67,49,62,20,27,29,35,68,36,22,kinesthetic,5,Ask questions
26,37,29,45,36,40,20,69,47,72,31,37,65,27,62,29,39,visual,4,Ask questions
40,88,20,70,79,21,34,53,27,21,33,23,76,34,53,79,37,auditory,2,Ask questions
25,25,45,44,57,58,22,54,73,43,36,73,31,28,50,54,37,kinesthetic,5,Join study group
52,83,38,58,50,46,75,29,54,41,34,26,79,20,34,23,22,auditory,3,Practice regularly
88,66,49,37,71,36,73,57,61,45,21,74,59,30,43,42,35,visual,3,Ask questions
48,75,31,62,73,41,60,53,65,79,22,71,53,24,73,55,27,kinesthetic,5,Study more
69,53,46,47,46,30,44,53,72,69,24,42,30,37,60,28,27,kinesthetic,2,Practice regularly
65,80,52,62,51,46,65,38,72,49,36,44,62,34,74,21,33,kinesthetic,2,Practice regularly
75,73,31,60,50,56,63,43,50,32,30,70,78,30,40,79,29,kinesthetic,3,Join study group
70,50,31,46,72,56,30,55,48,50,27,71,67,26,78,25,32,auditory,2,Join study group
27,32,51,38,75,40,63,40,32,75,30,34,60,36,37,62,20,visual,4,Ask questions
89,93,30,79,38,44,50,75,32,63,21,61,30,29,38,76,28,auditory,1,Join study group
93,73,56,31,62,54,58,20,40,36,30,78,32,28,63,68,29,auditory,2,Join study group
61,27,43,74,25,27,30,50,58,58,23,21,43,39,67,75,36,kinesthetic,4,Ask questions
77,43,22,69,73,25,31,23,54,73,25,41,52,39,36,69,36,auditory,5,Ask questions
38,39,30,70,61,50,72,47,26,73,24,20,40,29,74,74,33,auditory,1,Practice regularly
93,51,59,47,67,46,48,41,37,64,32,52,29,38,78,67,25,kinesthetic,5,Practice regularly
78,53,20,44,44,24,24,38,77,42,24,33,56,33,49,72,28,kinesthetic,2,Study more
54,65,46,74,61,45,58,49,34,30,20,30,33,24,68,78,28,auditory,5,Practice regularly
80,97,28,72,65,45,57,41,21,73,24,22,68,24,42,26,39,visual,1,Study more
32,35,54,73,27,59,28,29,62,70,27,71,75,39,52,73,35,visual,3,Practice regularly
91,56,26,59,56,22,56,33,63,77,31,40,78,21,57,63,20,auditory,4,Practice regularly
63,26,45,50,55,40,47,67,50,46,24,79,32,34,31,68,21,kinesthetic,2,Study more
67,41,21,55,24,38,65,72,55,36,34,64,77,29,62,48,33,auditory,1,Study more
32,39,43,46,56,38,68,61,32,77,33,52,29,24,37,78,28,kinesthetic,3,Study more
37,61,40,43,26,57,22,26,53,48,26,48,29,34,40,55,28,auditory,3,Ask questions
53,63,27,48,71,35,51,42,57,26,32,79,53,36,46,21,35,visual,5,Ask questions
56,71,40,68,40,39,36,62,65,30,24,22,39,27,76,35,39,visual,5,Join study group
88,59,58,53,59,59,69,54,20,68,34,75,70,35,55,72,26,visual,3,Practice regularly
93,27,37,64,45,27,68,37,28,58,24,30,28,29,71,69,36,auditory,5,Study more
77,55,44,33,68,34,42,55,31,20,34,75,64,29,79,28,39,kinesthetic,5,Join study group
84,93,31,73,40,58,22,78,39,23,38,24,35,27,22,48,34,auditory,5,Ask questions
59,60,21,63,54,41,70,26,65,20,34,59,73,26,66,28,33,auditory,3,Join study group
60,96,26,74,55,29,37,34,59,79,23,52,69,26,60,34,38,auditory,3,Join study group
82,42,39,61,49,40,41,52,25,53,28,45,43,35,51,42,30,visual,3,Ask questions
89,72,37,49,22,46,37,52,72,63,27,29,42,36,48,72,35,visual,5,Study more
77,58,20,53,28,26,76,78,36,66,36,64,59,28,79,38,22,visual,2,Join study group
47,25,36,33,45,33,77,41,28,38,28,71,24,37,41,30,30,auditory,5,Practice regularly
41,80,43,45,21,26,25,35,49,68,31,27,24,21,24,62,38,kinesthetic,5,Study more
38,66,30,61,48,22,29,78,49,31,24,58,31,30,72,52,22,auditory,3,Ask questions
38,50,57,65,64,25,47,67,21,70,33,38,51,21,78,57,35,visual,2,Study more
91,50,20,48,49,23,51,36,56,23,20,59,75,26,56,64,39,auditory,3,Ask questions
20,32,37,43,31,41,21,74,34,23,24,64,74,20,23,57,32,auditory,3,Practice regularly
26,92,21,66,50,42,23,71,75,65,32,52,38,31,36,38,32,auditory,2,Ask questions
